tol,OriSize,total_latency,load_time,transfer_time,comp_time,decomp_time
1e-05,100,1.0951568366007112,0.05,0.4779343363057984,0.33035805458048656,0.23686444571442614
1e-05,200,2.0498056591015077,0.1,0.9558686726115968,0.5960306461403292,0.3979063403495817
1e-05,300,2.9852120323525195,0.15,1.4338030089173954,0.8524972754851253,0.5489117479499988
1e-05,400,3.9361935140330684,0.2,1.9117373452231936,1.1198219396234097,0.7046342291864652
1e-05,500,4.868190192412219,0.25,2.389671681528992,1.3793407541213776,0.8491777567618496
1e-05,600,5.819163752581353,0.3,2.867606017834791,1.6455884239504883,1.0059693107960732
1e-05,700,6.768893800024318,0.35,3.345540354140589,1.9110137764649502,1.1623396694187782
1e-05,800,7.713210782242347,0.4,3.823474690446387,2.1740061887638964,1.3157299030320635
1e-05,900,8.65223238704571,0.45,4.301409026752186,2.4345989594388637,1.4662244008546614
1e-05,1000,9.586072540902828,0.5,4.779343363057984,2.6928247821833184,1.613904395661526
1e-05,1100,10.533082528924854,0.55,5.257277699363782,2.955866921287251,1.7699379082738207
1e-05,1200,11.484337750682588,0.6,5.735212035669582,3.2202641176813245,1.9288615973316814
1e-05,1300,12.434560254692592,0.65,6.2131463719753794,3.483954162214383,2.087459720502827
1e-05,1400,13.383753873560833,0.7,6.691080708281178,3.7469398881005676,2.245733277179086
1e-05,1500,14.331922420692106,0.75,7.169015044586977,4.009224113439119,2.4036832626660116
1e-05,1600,15.27906969041157,0.8,7.646949380892774,4.270809641315044,2.561310668203751
1e-05,1700,16.225199458085314,0.85,8.124883717198573,4.531699259898965,2.7186164809877775
1e-05,1800,17.170315480240067,0.9,8.602818053504372,4.791895742546193,2.8756016841895007
1e-05,1900,18.114421494681906,0.95,9.08075238981017,5.051401847894988,3.032267256976748
1e-05,2000,19.05752122061416,1.0,9.558686726115967,5.310220319964067,3.1886141745341265
1e-05,2100,20.012019754565703,1.05,10.036621062421768,5.583596606095138,3.3418020860487982
1e-05,2200,20.978847413401404,1.1,10.514555398727564,5.8726051947111735,3.491686819962667
1e-05,2300,21.947179207308757,1.15,10.992489735033363,6.163907756576045,3.6407817156993474
1e-05,2400,22.91704878418095,1.2,11.470424071339163,6.457531712748504,3.789093000093282
1e-05,2500,23.888490165414836,1.25,11.94835840764496,6.753504923073264,3.9366268346966096
1e-05,2600,24.86153775557618,1.3,12.426292743950759,7.051855694992967,4.083389316632454
1e-05,2700,25.836226352264767,1.35,12.904227080256558,7.352612792573341,4.22938647943487
1e-05,2800,26.81259115618566,1.4,13.382161416562356,7.65580544574763,4.3746242938756765
1e-05,2900,27.790667781433097,1.45,13.860095752868153,7.961463359786524,4.519108668778419
1e-05,3000,28.770492265993703,1.5,14.338030089173953,8.269616725000033,4.662845451819716
1e-05,3100,29.75210108247586,1.55,14.815964425479752,8.580296226677941,4.805840430318167
1e-05,3200,30.735531149072422,1.6,15.293898761785549,8.89353305527576,4.948099332011109
1e-05,3300,31.720819840763983,1.65,15.771833098091347,9.209358916853244,5.0896278258193925
1e-05,3400,32.70800500077035,1.7,16.249767434397146,9.527806043772799,5.230431522600406
1e-05,3500,33.69712495225792,1.75,16.727701770702943,9.848907205665409,5.3705159758895675
1e-05,3600,34.6882185103111,1.8,17.205636107008743,10.172695720671877,5.509886682630482
1e-05,3700,35.681324994175995,1.85,17.68357044331454,10.499205466967492,5.6485490838939585
1e-05,3800,36.67648423978494,1.9,18.16150477962034,10.828470894578494,5.786508565586107
1e-05,3900,37.67373661257081,1.95,18.63943911592614,11.160527037498996,5.923770459145678
5e-05,100,0.9047443134312919,0.05,0.28752181313637926,0.33035805458048656,0.23686444571442614
5e-05,200,1.6689806127626694,0.1,0.5750436262727585,0.5960306461403292,0.3979063403495817
5e-05,300,2.413974462844262,0.15,0.8625654394091378,0.8524972754851253,0.5489117479499988
5e-05,400,3.174543421355392,0.2,1.150087252545517,1.1198219396234097,0.7046342291864652
5e-05,500,3.9161275765651236,0.25,1.4376090656818963,1.3793407541213776,0.8491777567618496
5e-05,600,4.676688613564837,0.3,1.7251308788182755,1.6455884239504883,1.0059693107960732
5e-05,700,5.436006137838383,0.35,2.0126526919546546,1.9110137764649502,1.1623396694187782
5e-05,800,6.189910596886993,0.4,2.300174505091034,2.1740061887638964,1.3157299030320635
5e-05,900,6.938519678520938,0.45,2.587696318227413,2.4345989594388637,1.4662244008546614
5e-05,1000,7.6819473092086366,0.5,2.8752181313637926,2.6928247821833184,1.613904395661526
5e-05,1100,8.438544774061244,0.55,3.1627399445001716,2.955866921287251,1.7699379082738207
5e-05,1200,9.199387472649558,0.6,3.450261757636551,3.2202641176813245,1.9288615973316814
5e-05,1300,9.959197453490141,0.65,3.73778357077293,3.483954162214383,2.087459720502827
5e-05,1400,10.717978549188963,0.7,4.025305383909309,3.7469398881005676,2.245733277179086
5e-05,1500,11.47573457315082,0.75,4.312827197045689,4.009224113439119,2.4036832626660116
5e-05,1600,12.232469319700863,0.8,4.600349010182068,4.270809641315044,2.561310668203751
5e-05,1700,12.98818656420519,0.85,4.887870823318447,4.531699259898965,2.7186164809877775
5e-05,1800,13.74289006319052,0.9,5.175392636454826,4.791895742546193,2.8756016841895007
5e-05,1900,14.49658355446294,0.95,5.462914449591205,5.051401847894988,3.032267256976748
5e-05,2000,15.24927075722578,1.0,5.750436262727585,5.310220319964067,3.1886141745341265
5e-05,2100,16.0133567680079,1.05,6.037958075863964,5.583596606095138,3.3418020860487982
5e-05,2200,16.789771903674183,1.1,6.325479889000343,5.8726051947111735,3.491686819962667
5e-05,2300,17.567691174412115,1.15,6.613001702136722,6.163907756576045,3.6407817156993474
5e-05,2400,18.34714822811489,1.2,6.900523515273102,6.457531712748504,3.789093000093282
5e-05,2500,19.128177086179356,1.25,7.188045328409481,6.753504923073264,3.9366268346966096
5e-05,2600,19.91081215317128,1.3,7.47556714154586,7.051855694992967,4.083389316632454
5e-05,2700,20.69508822669045,1.35,7.763088954682239,7.352612792573341,4.22938647943487
5e-05,2800,21.481040507441925,1.4,8.050610767818618,7.65580544574763,4.3746242938756765
5e-05,2900,22.26870460951994,1.45,8.338132580954998,7.961463359786524,4.519108668778419
5e-05,3000,23.058116570911128,1.5,8.625654394091377,8.269616725000033,4.662845451819716
5e-05,3100,23.849312864223865,1.55,8.913176207227757,8.580296226677941,4.805840430318167
5e-05,3200,24.64233040765101,1.6,9.200698020364136,8.89353305527576,4.948099332011109
5e-05,3300,25.43720657617315,1.65,9.488219833500514,9.209358916853244,5.0896278258193925
5e-05,3400,26.233979213010095,1.7,9.775741646636893,9.527806043772799,5.230431522600406
5e-05,3500,27.03268664132825,1.75,10.063263459773275,9.848907205665409,5.3705159758895675
5e-05,3600,27.833367676212013,1.8,10.350785272909652,10.172695720671877,5.509886682630482
5e-05,3700,28.63606163690748,1.85,10.638307086046032,10.499205466967492,5.6485490838939585
5e-05,3800,29.440808359347013,1.9,10.92582889918241,10.828470894578494,5.786508565586107
5e-05,3900,30.247648208963465,1.95,11.21335071231879,11.160527037498996,5.923770459145678
0.0001,100,0.8591064532293538,0.05,0.2418839529344411,0.33035805458048656,0.23686444571442614
0.0001,200,1.577704892358793,0.1,0.4837679058688822,0.5960306461403292,0.3979063403495817
0.0001,300,2.2770608822384473,0.15,0.7256518588033232,0.8524972754851253,0.5489117479499988
0.0001,400,2.9919919805476396,0.2,0.9675358117377644,1.1198219396234097,0.7046342291864652
0.0001,500,3.6879382755554326,0.25,1.2094197646722054,1.3793407541213776,0.8491777567618496
0.0001,600,4.402861452353208,0.3,1.4513037176066463,1.6455884239504883,1.0059693107960732
0.0001,700,5.116541116424816,0.35,1.6931876705410875,1.9110137764649502,1.1623396694187782
0.0001,800,5.824807715271489,0.4,1.9350716234755287,2.1740061887638964,1.3157299030320635
0.0001,900,6.527778936703495,0.45,2.1769555764099695,2.4345989594388637,1.4662244008546614
0.0001,1000,7.225568707189256,0.5,2.4188395293444107,2.6928247821833184,1.613904395661526
0.0001,1100,7.936528311839924,0.55,2.660723482278852,2.955866921287251,1.7699379082738207
0.0001,1200,8.651733150226299,0.6,2.9026074352132927,3.2202641176813245,1.9288615973316814
0.0001,1300,9.365905270864946,0.65,3.1444913881477343,3.483954162214383,2.087459720502827
0.0001,1400,10.07904850636183,0.7,3.386375341082175,3.7469398881005676,2.245733277179086
0.0001,1500,10.791166670121747,0.75,3.628259294016616,4.009224113439119,2.4036832626660116
0.0001,1600,11.50226355646985,0.8,3.8701432469510575,4.270809641315044,2.561310668203751
0.0001,1700,12.212342940772238,0.85,4.112027199885498,4.531699259898965,2.7186164809877775
0.0001,1800,12.921408579555633,0.9,4.353911152819939,4.791895742546193,2.8756016841895007
0.0001,1900,13.629464210626118,0.95,4.59579510575438,5.051401847894988,3.032267256976748
0.0001,2000,14.336513553187014,1.0,4.837679058688821,5.310220319964067,3.1886141745341265
0.0001,2100,15.054961703767198,1.05,5.079563011623263,5.583596606095138,3.3418020860487982
0.0001,2200,15.785738979231542,1.1,5.321446964557704,5.8726051947111735,3.491686819962667
0.0001,2300,16.518020389767536,1.15,5.563330917492145,6.163907756576045,3.6407817156993474
0.0001,2400,17.25183958326837,1.2,5.805214870426585,6.457531712748504,3.789093000093282
0.0001,2500,17.987230581130902,1.25,6.0470988233610266,6.753504923073264,3.9366268346966096
0.0001,2600,18.72422778792089,1.3,6.288982776295469,7.051855694992967,4.083389316632454
0.0001,2700,19.46286600123812,1.35,6.530866729229909,7.352612792573341,4.22938647943487
0.0001,2800,20.203180421787657,1.4,6.77275068216435,7.65580544574763,4.3746242938756765
0.0001,2900,20.945206663663733,1.45,7.014634635098791,7.961463359786524,4.519108668778419
0.0001,3000,21.68898076485298,1.5,7.256518588033232,8.269616725000033,4.662845451819716
0.0001,3100,22.434539197963783,1.55,7.498402540967673,8.580296226677941,4.805840430318167
0.0001,3200,23.181918881188984,1.6,7.740286493902115,8.89353305527576,4.948099332011109
0.0001,3300,23.931157189509193,1.65,7.982170446836555,9.209358916853244,5.0896278258193925
0.0001,3400,24.6822919661442,1.7,8.224054399770996,9.527806043772799,5.230431522600406
0.0001,3500,25.435361534260416,1.75,8.465938352705438,9.848907205665409,5.3705159758895675
0.0001,3600,26.19040470894224,1.8,8.707822305639878,10.172695720671877,5.509886682630482
0.0001,3700,26.947460809435768,1.85,8.949706258574318,10.499205466967492,5.6485490838939585
0.0001,3800,27.70656967167336,1.9,9.19159021150876,10.828470894578494,5.786508565586107
0.0001,3900,28.467771661087873,1.95,9.4334741644432,11.160527037498996,5.923770459145678
0.0005,100,0.7820403808115054,0.05,0.16481788051659274,0.33035805458048656,0.23686444571442614
0.0005,200,1.4235727475230964,0.1,0.3296357610331855,0.5960306461403292,0.3979063403495817
0.0005,300,2.0458626649849023,0.15,0.49445364154977817,0.8524972754851253,0.5489117479499988
0.0005,400,2.6837276908762457,0.2,0.659271522066371,1.1198219396234097,0.7046342291864652
0.0005,500,3.3026079134661908,0.25,0.8240894025829637,1.3793407541213776,0.8491777567618496
0.0005,600,3.940465017846118,0.3,0.9889072830995563,1.6455884239504883,1.0059693107960732
0.0005,700,4.577078609499877,0.35,1.1537251636161492,1.9110137764649502,1.1623396694187782
0.0005,800,5.208279135928702,0.4,1.318543044132742,2.1740061887638964,1.3157299030320635
0.0005,900,5.834184284942861,0.45,1.4833609246493347,2.4345989594388637,1.4662244008546614
0.0005,1000,6.454907983010772,0.5,1.6481788051659274,2.6928247821833184,1.613904395661526
0.0005,1100,7.088801515243592,0.55,1.8129966856825201,2.955866921287251,1.7699379082738207
0.0005,1200,7.726940281212118,0.6,1.9778145661991127,3.2202641176813245,1.9288615973316814
0.0005,1300,8.364046329432917,0.65,2.1426324467157056,3.483954162214383,2.087459720502827
0.0005,1400,9.000123492511952,0.7,2.3074503272322984,3.7469398881005676,2.245733277179086
0.0005,1500,9.635175583854021,0.75,2.472268207748891,4.009224113439119,2.4036832626660116
0.0005,1600,10.269206397784279,0.8,2.637086088265484,4.270809641315044,2.561310668203751
0.0005,1700,10.90221970966882,0.85,2.8019039687820766,4.531699259898965,2.7186164809877775
0.0005,1800,11.534219276034364,0.9,2.9667218492986693,4.791895742546193,2.8756016841895007
0.0005,1900,12.165208834686998,0.95,3.131539729815262,5.051401847894988,3.032267256976748
0.0005,2000,12.795192104830049,1.0,3.296357610331855,5.310220319964067,3.1886141745341265
0.0005,2100,13.436574182992382,1.05,3.461175490848447,5.583596606095138,3.3418020860487982
0.0005,2200,14.090285386038879,1.1,3.6259933713650403,5.8726051947111735,3.491686819962667
0.0005,2300,14.745500724157026,1.15,3.790811251881633,6.163907756576045,3.6407817156993474
0.0005,2400,15.402253845240011,1.2,3.9556291323982253,6.457531712748504,3.789093000093282
0.0005,2500,16.060578770684693,1.25,4.120447012914818,6.753504923073264,3.9366268346966096
0.0005,2600,16.72050990505683,1.3,4.285264893431411,7.051855694992967,4.083389316632454
0.0005,2700,17.382082045956217,1.35,4.450082773948004,7.352612792573341,4.22938647943487
0.0005,2800,18.045330394087905,1.4,4.614900654464597,7.65580544574763,4.3746242938756765
0.0005,2900,18.71029056354613,1.45,4.779718534981189,7.961463359786524,4.519108668778419
0.0005,3000,19.37699859231753,1.5,4.944536415497782,8.269616725000033,4.662845451819716
0.0005,3100,20.045490953010486,1.55,5.109354296014375,8.580296226677941,4.805840430318167
0.0005,3200,20.715804563817837,1.6,5.274172176530968,8.89353305527576,4.948099332011109
0.0005,3300,21.387976799720196,1.65,5.43899005704756,9.209358916853244,5.0896278258193925
0.0005,3400,22.062045503937355,1.7,5.603807937564153,9.527806043772799,5.230431522600406
0.0005,3500,22.738048999635723,1.75,5.7686258180807455,9.848907205665409,5.3705159758895675
0.0005,3600,23.416026101899696,1.8,5.933443698597339,10.172695720671877,5.509886682630482
0.0005,3700,24.096016129975382,1.85,6.098261579113932,10.499205466967492,5.6485490838939585
0.0005,3800,24.778058919795125,1.9,6.263079459630524,10.828470894578494,5.786508565586107
0.0005,3900,25.46219483679179,1.95,6.4278973401471164,11.160527037498996,5.923770459145678
0.001,100,0.7546498996817982,0.05,0.1374273993868855,0.33035805458048656,0.23686444571442614
0.001,200,1.368791785263682,0.1,0.274854798773771,0.5960306461403292,0.3979063403495817
0.001,300,1.9636912215957807,0.15,0.4122821981606565,0.8524972754851253,0.5489117479499988
0.001,400,2.574165766357417,0.2,0.549709597547542,1.1198219396234097,0.7046342291864652
0.001,500,3.1656555078176547,0.25,0.6871369969344274,1.3793407541213776,0.8491777567618496
0.001,600,3.7761221310678743,0.3,0.824564396321313,1.6455884239504883,1.0059693107960732
0.001,700,4.385345241591927,0.35,0.9619917957081984,1.9110137764649502,1.1623396694187782
0.001,800,4.989155286891044,0.4,1.099419195095084,2.1740061887638964,1.3157299030320635
0.001,900,5.587669954775494,0.45,1.2368465944819695,2.4345989594388637,1.4662244008546614
0.001,1000,6.1810031717137,0.5,1.3742739938688548,2.6928247821833184,1.613904395661526
0.001,1100,6.787506222816813,0.55,1.5117013932557404,2.955866921287251,1.7699379082738207
0.001,1200,7.398254507655632,0.6,1.649128792642626,3.2202641176813245,1.9288615973316814
0.001,1300,8.007970074746723,0.65,1.7865561920295114,3.483954162214383,2.087459720502827
0.001,1400,8.61665675669605,0.7,1.9239835914163967,3.7469398881005676,2.245733277179086
0.001,1500,9.224318366908413,0.75,2.0614109908032825,4.009224113439119,2.4036832626660116
0.001,1600,9.830958699708962,0.8,2.198838390190168,4.270809641315044,2.561310668203751
0.001,1700,10.436581530463796,0.85,2.3362657895770536,4.531699259898965,2.7186164809877775
0.001,1800,11.041190615699634,0.9,2.473693188963939,4.791895742546193,2.8756016841895007
0.001,1900,11.644789693222561,0.95,2.6111205883508246,5.051401847894988,3.032267256976748
0.001,2000,12.247382482235903,1.0,2.7485479877377097,5.310220319964067,3.1886141745341265
0.001,2100,12.861374079268531,1.05,2.8859753871245952,5.583596606095138,3.3418020860487982
0.001,2200,13.48769480118532,1.1,3.0234027865114808,5.8726051947111735,3.491686819962667
0.001,2300,14.115519658173758,1.15,3.1608301858983663,6.163907756576045,3.6407817156993474
0.001,2400,14.744882298127038,1.2,3.298257585285252,6.457531712748504,3.789093000093282
0.001,2500,15.375816742442012,1.25,3.4356849846721373,6.753504923073264,3.9366268346966096
0.001,2600,16.008357395684442,1.3,3.573112384059023,7.051855694992967,4.083389316632454
0.001,2700,16.64253905545412,1.35,3.7105397834459084,7.352612792573341,4.22938647943487
0.001,2800,17.2783969224561,1.4,3.8479671828327935,7.65580544574763,4.3746242938756765
0.001,2900,17.915966610784622,1.45,3.9853945822196795,7.961463359786524,4.519108668778419
0.001,3000,18.555284158426314,1.5,4.122821981606565,8.269616725000033,4.662845451819716
0.001,3100,19.19638603798956,1.55,4.26024938099345,8.580296226677941,4.805840430318167
0.001,3200,19.839309167667203,1.6,4.397676780380336,8.89353305527576,4.948099332011109
0.001,3300,20.484090922439858,1.65,4.535104179767221,9.209358916853244,5.0896278258193925
0.001,3400,21.13076914552731,1.7,4.672531579154107,9.527806043772799,5.230431522600406
0.001,3500,21.77938216009597,1.75,4.809958978540992,9.848907205665409,5.3705159758895675
0.001,3600,22.429968781230237,1.8,4.947386377927878,10.172695720671877,5.509886682630482
0.001,3700,23.08256832817621,1.85,5.084813777314763,10.499205466967492,5.6485490838939585
0.001,3800,23.73722063686625,1.9,5.222241176701649,10.828470894578494,5.786508565586107
0.001,3900,24.39396607273321,1.95,5.359668576088535,11.160527037498996,5.923770459145678
0.005,100,0.695752560315952,0.05,0.07853006002103938,0.33035805458048656,0.23686444571442614
0.005,200,1.2509971065319896,0.1,0.15706012004207875,0.5960306461403292,0.3979063403495817
0.005,300,1.7869992034982423,0.15,0.23559018006311813,0.8524972754851253,0.5489117479499988
0.005,400,2.3385764088940326,0.2,0.3141202400841575,1.1198219396234097,0.7046342291864652
0.005,500,2.8711688109884244,0.25,0.3926503001051969,1.3793407541213776,0.8491777567618496
0.005,600,3.422738094872798,0.3,0.47118036012623626,1.6455884239504883,1.0059693107960732
0.005,700,3.973063866031004,0.35,0.5497104201472756,1.9110137764649502,1.1623396694187782
0.005,800,4.517976571964275,0.4,0.628240480168315,2.1740061887638964,1.3157299030320635
0.005,900,5.05759390048288,0.45,0.7067705401893544,2.4345989594388637,1.4662244008546614
0.005,1000,5.592029778055238,0.5,0.7853006002103938,2.6928247821833184,1.613904395661526
0.005,1100,6.139635489792505,0.55,0.8638306602314332,2.955866921287251,1.7699379082738207
0.005,1200,6.691486435265478,0.6,0.9423607202524725,3.2202641176813245,1.9288615973316814
0.005,1300,7.242304662990723,0.65,1.0208907802735119,3.483954162214383,2.087459720502827
0.005,1400,7.792094005574205,0.7,1.0994208402945511,3.7469398881005676,2.245733277179086
0.005,1500,8.340858276420722,0.75,1.1779509003155906,4.009224113439119,2.4036832626660116
0.005,1600,8.888601269855425,0.8,1.25648096033663,4.270809641315044,2.561310668203751
0.005,1700,9.435326761244411,0.85,1.3350110203576695,4.531699259898965,2.7186164809877775
0.005,1800,9.981038507114402,0.9,1.4135410803787087,4.791895742546193,2.8756016841895007
0.005,1900,10.525740245271484,0.95,1.4920711403997482,5.051401847894988,3.032267256976748
0.005,2000,11.069435694918981,1.0,1.5706012004207877,5.310220319964067,3.1886141745341265
0.005,2100,11.624529952585762,1.05,1.649131260441827,5.583596606095138,3.3418020860487982
0.005,2200,12.191953335136706,1.1,1.7276613204628664,5.8726051947111735,3.491686819962667
0.005,2300,12.760880852759298,1.15,1.8061913804839058,6.163907756576045,3.6407817156993474
0.005,2400,13.331346153346733,1.2,1.884721440504945,6.457531712748504,3.789093000093282
0.005,2500,13.90338325829586,1.25,1.9632515005259845,6.753504923073264,3.9366268346966096
0.005,2600,14.477026572172445,1.3,2.0417815605470238,7.051855694992967,4.083389316632454
0.005,2700,15.052310892576275,1.35,2.120311620568063,7.352612792573341,4.22938647943487
0.005,2800,15.629271420212408,1.4,2.1988416805891022,7.65580544574763,4.3746242938756765
0.005,2900,16.207943769175085,1.45,2.2773717406101417,7.961463359786524,4.519108668778419
0.005,3000,16.78836397745093,1.5,2.355901800631181,8.269616725000033,4.662845451819716
0.005,3100,17.37056851764833,1.55,2.4344318606522206,8.580296226677941,4.805840430318167
0.005,3200,17.95459430796013,1.6,2.51296192067326,8.89353305527576,4.948099332011109
0.005,3300,18.540478723366935,1.65,2.5914919806942995,9.209358916853244,5.0896278258193925
0.005,3400,19.12825960708854,1.7,2.670022040715339,9.527806043772799,5.230431522600406
0.005,3500,19.717975282291356,1.75,2.748552100736378,9.848907205665409,5.3705159758895675
0.005,3600,20.309664564059776,1.8,2.8270821607574175,10.172695720671877,5.509886682630482
0.005,3700,20.903366771639906,1.85,2.905612220778457,10.499205466967492,5.6485490838939585
0.005,3800,21.4991217409641,1.9,2.9841422807994964,10.828470894578494,5.786508565586107
0.005,3900,22.09696983746521,1.95,3.062672340820536,11.160527037498996,5.923770459145678
0.01,100,0.6766731711105708,0.05,0.05945067081565808,0.33035805458048656,0.23686444571442614
0.01,200,1.2128383281212272,0.1,0.11890134163131616,0.5960306461403292,0.3979063403495817
0.01,300,1.7297610358820983,0.15,0.17835201244697424,0.8524972754851253,0.5489117479499988
0.01,400,2.2622588520725073,0.2,0.23780268326263232,1.1198219396234097,0.7046342291864652
0.01,500,2.7757718649615177,0.25,0.2972533540782904,1.3793407541213776,0.8491777567618496
0.01,600,3.30826175964051,0.3,0.3567040248939485,1.6455884239504883,1.0059693107960732
0.01,700,3.8395081415933348,0.35,0.41615469570960656,1.9110137764649502,1.1623396694187782
0.01,800,4.365341458321224,0.4,0.47560536652526464,2.1740061887638964,1.3157299030320635
0.01,900,4.885879397634448,0.45,0.5350560373409227,2.4345989594388637,1.4662244008546614
0.01,1000,5.401235886001425,0.5,0.5945067081565808,2.6928247821833184,1.613904395661526
0.01,1100,5.92976220853331,0.55,0.6539573789722388,2.955866921287251,1.7699379082738207
0.01,1200,6.462533764800903,0.6,0.713408049787897,3.2202641176813245,1.9288615973316814
0.01,1300,6.994272603320765,0.65,0.7728587206035551,3.483954162214383,2.087459720502827
0.01,1400,7.524982556698866,0.7,0.8323093914192131,3.7469398881005676,2.245733277179086
0.01,1500,8.054667438340001,0.75,0.8917600622348711,4.009224113439119,2.4036832626660116
0.01,1600,8.583331042569323,0.8,0.9512107330505293,4.270809641315044,2.561310668203751
0.01,1700,9.11097714475293,0.85,1.0106614038661874,4.531699259898965,2.7186164809877775
0.01,1800,9.63760950141754,0.9,1.0701120746818453,4.791895742546193,2.8756016841895007
0.01,1900,10.16323185036924,0.95,1.1295627454975035,5.051401847894988,3.032267256976748
0.01,2000,10.687847910811355,1.0,1.1890134163131616,5.310220319964067,3.1886141745341265
0.01,2100,11.223862779272755,1.05,1.2484640871288197,5.583596606095138,3.3418020860487982
0.01,2200,11.772206772618318,1.1,1.3079147579444776,5.8726051947111735,3.491686819962667
0.01,2300,12.322054901035528,1.15,1.367365428760136,6.163907756576045,3.6407817156993474
0.01,2400,12.87344081241758,1.2,1.426816099575794,6.457531712748504,3.789093000093282
0.01,2500,13.426398528161327,1.25,1.4862667703914518,6.753504923073264,3.9366268346966096
0.01,2600,13.98096245283253,1.3,1.5457174412071102,7.051855694992967,4.083389316632454
0.01,2700,14.53716738403098,1.35,1.605168112022768,7.352612792573341,4.22938647943487
0.01,2800,15.095048522461733,1.4,1.6646187828384262,7.65580544574763,4.3746242938756765
0.01,2900,15.654641482219027,1.45,1.7240694536540844,7.961463359786524,4.519108668778419
0.01,3000,16.21598230128949,1.5,1.7835201244697423,8.269616725000033,4.662845451819716
0.01,3100,16.779107452281508,1.55,1.8429707952854004,8.580296226677941,4.805840430318167
0.01,3200,17.344053853387926,1.6,1.9024214661010586,8.89353305527576,4.948099332011109
0.01,3300,17.91085887958935,1.65,1.9618721369167167,9.209358916853244,5.0896278258193925
0.01,3400,18.479560374105578,1.7,2.021322807732375,9.527806043772799,5.230431522600406
0.01,3500,19.05019666010301,1.75,2.080773478548033,9.848907205665409,5.3705159758895675
0.01,3600,19.62280655266605,1.8,2.1402241493636907,10.172695720671877,5.509886682630482
0.01,3700,20.197429371040798,1.85,2.199674820179349,10.499205466967492,5.6485490838939585
0.01,3800,20.774104951159607,1.9,2.259125490995007,10.828470894578494,5.786508565586107
0.01,3900,21.35287365845534,1.95,2.3185761618106655,11.160527037498996,5.923770459145678
0.02,100,0.6639752554224919,0.05,0.04675275512757929,0.33035805458048656,0.23686444571442614
0.02,200,1.1874424967450694,0.1,0.09350551025515857,0.5960306461403292,0.3979063403495817
0.02,300,1.6916672888178619,0.15,0.14025826538273783,0.8524972754851253,0.5489117479499988
0.02,400,2.2114671893201923,0.2,0.18701102051031715,1.1198219396234097,0.7046342291864652
0.02,500,2.712282286521124,0.25,0.2337637756378964,1.3793407541213776,0.8491777567618496
0.02,600,3.232074265512037,0.3,0.28051653076547567,1.6455884239504883,1.0059693107960732
0.02,700,3.750622731776783,0.35,0.327269285893055,1.9110137764649502,1.1623396694187782
0.02,800,4.263758132816594,0.4,0.3740220410206343,2.1740061887638964,1.3157299030320635
0.02,900,4.771598156441739,0.45,0.4207747961482135,2.4345989594388637,1.4662244008546614
0.02,1000,5.274256729120637,0.5,0.4675275512757928,2.6928247821833184,1.613904395661526
0.02,1100,5.7900851359644445,0.55,0.5142803064033722,2.955866921287251,1.7699379082738207
0.02,1200,6.3101587765439575,0.6,0.5610330615309513,3.2202641176813245,1.9288615973316814
0.02,1300,6.829199699375741,0.65,0.6077858166585306,3.483954162214383,2.087459720502827
0.02,1400,7.347211737065763,0.7,0.65453857178611,3.7469398881005676,2.245733277179086
0.02,1500,7.86419870301882,0.75,0.7012913269136892,4.009224113439119,2.4036832626660116
0.02,1600,8.380164391560063,0.8,0.7480440820412686,4.270809641315044,2.561310668203751
0.02,1700,8.89511257805559,0.85,0.7947968371688477,4.531699259898965,2.7186164809877775
0.02,1800,9.409047019032121,0.9,0.841549592296427,4.791895742546193,2.8756016841895007
0.02,1900,9.921971452295743,0.95,0.8883023474240064,5.051401847894988,3.032267256976748
0.02,2000,10.43388959704978,1.0,0.9350551025515856,5.310220319964067,3.1886141745341265
0.02,2100,10.9572065498231,1.05,0.981807857679165,5.583596606095138,3.3418020860487982
0.02,2200,11.492852627480584,1.1,1.0285606128067444,5.8726051947111735,3.491686819962667
0.02,2300,12.030002840209715,1.15,1.0753133679343234,6.163907756576045,3.6407817156993474
0.02,2400,12.568690835903688,1.2,1.1220661230619027,6.457531712748504,3.789093000093282
0.02,2500,13.108950635959356,1.25,1.1688188781894822,6.753504923073264,3.9366268346966096
0.02,2600,13.650816644942482,1.3,1.2155716333170612,7.051855694992967,4.083389316632454
0.02,2700,14.194323660452852,1.35,1.2623243884446407,7.352612792573341,4.22938647943487
0.02,2800,14.739506883195526,1.4,1.30907714357222,7.65580544574763,4.3746242938756765
0.02,2900,15.286401927264741,1.45,1.3558298986997992,7.961463359786524,4.519108668778419
0.02,3000,15.835044830647128,1.5,1.4025826538273785,8.269616725000033,4.662845451819716
0.02,3100,16.385472065951067,1.55,1.4493354089549577,8.580296226677941,4.805840430318167
0.02,3200,16.93772055136941,1.6,1.4960881640825372,8.89353305527576,4.948099332011109
0.02,3300,17.491827661882752,1.65,1.5428409192101162,9.209358916853244,5.0896278258193925
0.02,3400,18.0478312407109,1.7,1.5895936743376955,9.527806043772799,5.230431522600406
0.02,3500,18.60576961102025,1.75,1.636346429465275,9.848907205665409,5.3705159758895675
0.02,3600,19.165681587895214,1.8,1.683099184592854,10.172695720671877,5.509886682630482
0.02,3700,19.727606490581884,1.85,1.7298519397204335,10.499205466967492,5.6485490838939585
0.02,3800,20.291584155012615,1.9,1.7766046948480128,10.828470894578494,5.786508565586107
0.02,3900,20.857654946620265,1.95,1.823357449975592,11.160527037498996,5.923770459145678
0.03,100,0.6590265470904572,0.05,0.04180404679554451,0.33035805458048656,0.23686444571442614
0.03,200,1.177545080081,0.1,0.08360809359108902,0.5960306461403292,0.3979063403495817
0.03,300,1.6768211638217576,0.15,0.1254121403866335,0.8524972754851253,0.5489117479499988
0.03,400,2.191672355992053,0.2,0.16721618718217804,1.1198219396234097,0.7046342291864652
0.03,500,2.68753874486095,0.25,0.2090202339777225,1.3793407541213776,0.8491777567618496
0.03,600,3.2023820155198286,0.3,0.250824280773267,1.6455884239504883,1.0059693107960732
0.03,700,3.7159817734525404,0.35,0.2926283275688115,1.9110137764649502,1.1623396694187782
0.03,800,4.224168466160316,0.4,0.3344323743643561,2.1740061887638964,1.3157299030320635
0.03,900,4.727059781453425,0.45,0.3762364211599005,2.4345989594388637,1.4662244008546614
0.03,1000,5.22476964580029,0.5,0.418040467955445,2.6928247821833184,1.613904395661526
0.03,1100,5.735649344312062,0.55,0.4598445147509896,2.955866921287251,1.7699379082738207
0.03,1200,6.25077427655954,0.6,0.501648561546534,3.2202641176813245,1.9288615973316814
0.03,1300,6.764866491059289,0.65,0.5434526083420785,3.483954162214383,2.087459720502827
0.03,1400,7.2779298204172775,0.7,0.585256655137623,3.7469398881005676,2.245733277179086
0.03,1500,7.7899680780382985,0.75,0.6270607019331675,4.009224113439119,2.4036832626660116
0.03,1600,8.300985058247507,0.8,0.6688647487287122,4.270809641315044,2.561310668203751
0.03,1700,8.810984536410999,0.85,0.7106687955242565,4.531699259898965,2.7186164809877775
0.03,1800,9.319970269055496,0.9,0.752472842319801,4.791895742546193,2.8756016841895007
0.03,1900,9.827945993987083,0.95,0.7942768891153457,5.051401847894988,3.032267256976748
0.03,2000,10.334915430409083,1.0,0.83608093591089,5.310220319964067,3.1886141745341265
0.03,2100,10.85328367485037,1.05,0.8778849827064346,5.583596606095138,3.3418020860487982
0.03,2200,11.383981044175819,1.1,0.9196890295019792,5.8726051947111735,3.491686819962667
0.03,2300,11.916182548572916,1.15,0.9614930762975237,6.163907756576045,3.6407817156993474
0.03,2400,12.449921835934855,1.2,1.003297123093068,6.457531712748504,3.789093000093282
0.03,2500,12.985232927658487,1.25,1.0451011698886128,6.753504923073264,3.9366268346966096
0.03,2600,13.522150228309577,1.3,1.086905216684157,7.051855694992967,4.083389316632454
0.03,2700,14.060708535487912,1.35,1.1287092634797016,7.352612792573341,4.22938647943487
0.03,2800,14.600943049898554,1.4,1.170513310275246,7.65580544574763,4.3746242938756765
0.03,2900,15.142889385635733,1.45,1.2123173570707906,7.961463359786524,4.519108668778419
0.03,3000,15.686583580686083,1.5,1.254121403866335,8.269616725000033,4.662845451819716
0.03,3100,16.23206210765799,1.55,1.2959254506618798,8.580296226677941,4.805840430318167
0.03,3200,16.779361884744294,1.6,1.3377294974574243,8.89353305527576,4.948099332011109
0.03,3300,17.328520286925606,1.65,1.3795335442529686,9.209358916853244,5.0896278258193925
0.03,3400,17.879575157421716,1.7,1.421337591048513,9.527806043772799,5.230431522600406
0.03,3500,18.432564819399033,1.75,1.4631416378440576,9.848907205665409,5.3705159758895675
0.03,3600,18.98752808794196,1.8,1.504945684639602,10.172695720671877,5.509886682630482
0.03,3700,19.544504282296597,1.85,1.5467497314351468,10.499205466967492,5.6485490838939585
0.03,3800,20.103533238395293,1.9,1.5885537782306913,10.828470894578494,5.786508565586107
0.03,3900,20.66465532167091,1.95,1.6303578250262358,11.160527037498996,5.923770459145678
0.05,100,0.6546628747289779,0.05,0.03744037443406515,0.33035805458048656,0.23686444571442614
0.05,200,1.1688177353580413,0.1,0.0748807488681303,0.5960306461403292,0.3979063403495817
0.05,300,1.6637301467373196,0.15,0.11232112330219544,0.8524972754851253,0.5489117479499988
0.05,400,2.1742176665461357,0.2,0.1497614977362606,1.1198219396234097,0.7046342291864652
0.05,500,2.6657203830535527,0.25,0.18720187217032574,1.3793407541213776,0.8491777567618496
0.05,600,3.1761999813509525,0.3,0.2246422466043909,1.6455884239504883,1.0059693107960732
0.05,700,3.6854360669221844,0.35,0.2620826210384561,1.9110137764649502,1.1623396694187782
0.05,800,4.189259087268481,0.4,0.2995229954725212,2.1740061887638964,1.3157299030320635
0.05,900,4.687786730200111,0.45,0.3369633699065864,2.4345989594388637,1.4662244008546614
0.05,1000,5.181132922185496,0.5,0.3744037443406515,2.6928247821833184,1.613904395661526
0.05,1100,5.687648948335788,0.55,0.41184411877471666,2.955866921287251,1.7699379082738207
0.05,1200,6.198410208221787,0.6,0.4492844932087818,3.2202641176813245,1.9288615973316814
0.05,1300,6.708138750360058,0.65,0.48672486764284695,3.483954162214383,2.087459720502827
0.05,1400,7.2168384073565655,0.7,0.5241652420769122,3.7469398881005676,2.245733277179086
0.05,1500,7.724512992616108,0.75,0.5616056165109773,4.009224113439119,2.4036832626660116
0.05,1600,8.231166300463837,0.8,0.5990459909450424,4.270809641315044,2.561310668203751
0.05,1700,8.736802106265849,0.85,0.6364863653791075,4.531699259898965,2.7186164809877775
0.05,1800,9.241424166548867,0.9,0.6739267398131727,4.791895742546193,2.8756016841895007
0.05,1900,9.745036219118974,0.95,0.7113671142472379,5.051401847894988,3.032267256976748
0.05,2000,10.247641983179497,1.0,0.748807488681303,5.310220319964067,3.1886141745341265
0.05,2100,10.761646555259304,1.05,0.7862478631153682,5.583596606095138,3.3418020860487982
0.05,2200,11.287980252223274,1.1,0.8236882375494333,5.8726051947111735,3.491686819962667
0.05,2300,11.81581808425889,1.15,0.8611286119834984,6.163907756576045,3.6407817156993474
0.05,2400,12.345193699259351,1.2,0.8985689864175636,6.457531712748504,3.789093000093282
0.05,2500,12.876141118621502,1.25,0.9360093608516288,6.753504923073264,3.9366268346966096
0.05,2600,13.408694746911115,1.3,0.9734497352856939,7.051855694992967,4.083389316632454
0.05,2700,13.94288938172797,1.35,1.0108901097197591,7.352612792573341,4.22938647943487
0.05,2800,14.478760223777131,1.4,1.0483304841538243,7.65580544574763,4.3746242938756765
0.05,2900,15.016342887152831,1.45,1.0857708585878894,7.961463359786524,4.519108668778419
0.05,3000,15.555673409841702,1.5,1.1232112330219546,8.269616725000033,4.662845451819716
0.05,3100,16.09678826445213,1.55,1.1606516074560198,8.580296226677941,4.805840430318167
0.05,3200,16.639724369176953,1.6,1.1980919818900848,8.89353305527576,4.948099332011109
0.05,3300,17.184519098996788,1.65,1.23553235632415,9.209358916853244,5.0896278258193925
0.05,3400,17.73121029713142,1.7,1.272972730758215,9.527806043772799,5.230431522600406
0.05,3500,18.279836286747255,1.75,1.3104131051922803,9.848907205665409,5.3705159758895675
0.05,3600,18.830435882928704,1.8,1.3478534796263455,10.172695720671877,5.509886682630482
0.05,3700,19.383048404921862,1.85,1.3852938540604105,10.499205466967492,5.6485490838939585
0.05,3800,19.937713688659077,1.9,1.4227342284944757,10.828470894578494,5.786508565586107
0.05,3900,20.494472099573215,1.95,1.460174602928541,11.160527037498996,5.923770459145678
0.1,100,0.6510095860243942,0.05,0.03378708572948149,0.33035805458048656,0.23686444571442614
0.1,200,1.161511157948874,0.1,0.06757417145896298,0.5960306461403292,0.3979063403495817
0.1,300,1.6527702806235687,0.15,0.10136125718844446,0.8524972754851253,0.5489117479499988
0.1,400,2.159604511727801,0.2,0.13514834291792596,1.1198219396234097,0.7046342291864652
0.1,500,2.6474539395306347,0.25,0.16893542864740746,1.3793407541213776,0.8491777567618496
0.1,600,3.1542802491234503,0.3,0.20272251437688893,1.6455884239504883,1.0059693107960732
0.1,700,3.6598630459900994,0.35,0.23650960010637045,1.9110137764649502,1.1623396694187782
0.1,800,4.160032777631812,0.4,0.2702966858358519,2.1740061887638964,1.3157299030320635
0.1,900,4.654907131858859,0.45,0.3040837715653334,2.4345989594388637,1.4662244008546614
0.1,1000,5.144600035139659,0.5,0.3378708572948149,2.6928247821833184,1.613904395661526
0.1,1100,5.647462772585368,0.55,0.3716579430242964,2.955866921287251,1.7699379082738207
0.1,1200,6.154570743766784,0.6,0.40544502875377786,3.2202641176813245,1.9288615973316814
0.1,1300,6.6606459972004695,0.65,0.43923211448325933,3.483954162214383,2.087459720502827
0.1,1400,7.165692365492395,0.7,0.4730192002127409,3.7469398881005676,2.245733277179086
0.1,1500,7.669713662047353,0.75,0.5068062859422223,4.009224113439119,2.4036832626660116
0.1,1600,8.172713681190498,0.8,0.5405933716717038,4.270809641315044,2.561310668203751
0.1,1700,8.674696198287927,0.85,0.5743804574011854,4.531699259898965,2.7186164809877775
0.1,1800,9.17566496986636,0.9,0.6081675431306668,4.791895742546193,2.8756016841895007
0.1,1900,9.675623733731884,0.95,0.6419546288601483,5.051401847894988,3.032267256976748
0.1,2000,10.174576209087823,1.0,0.6757417145896298,5.310220319964067,3.1886141745341265
0.1,2100,10.684927492463046,1.05,0.7095288003191113,5.583596606095138,3.3418020860487982
0.1,2200,11.207607900722433,1.1,0.7433158860485928,5.8726051947111735,3.491686819962667
0.1,2300,11.731792444053466,1.15,0.7771029717780743,6.163907756576045,3.6407817156993474
0.1,2400,12.257514770349342,1.2,0.8108900575075557,6.457531712748504,3.789093000093282
0.1,2500,12.784808901006912,1.25,0.8446771432370372,6.753504923073264,3.9366268346966096
0.1,2600,13.313709240591939,1.3,0.8784642289665187,7.051855694992967,4.083389316632454
0.1,2700,13.844250586704211,1.35,0.9122513146960002,7.352612792573341,4.22938647943487
0.1,2800,14.37646814004879,1.4,0.9460384004254818,7.65580544574763,4.3746242938756765
0.1,2900,14.910397514719907,1.45,0.9798254861549632,7.961463359786524,4.519108668778419
0.1,3000,15.446074748704191,1.5,1.0136125718844446,8.269616725000033,4.662845451819716
0.1,3100,15.983536314610035,1.55,1.0473996576139262,8.580296226677941,4.805840430318167
0.1,3200,16.522819130630275,1.6,1.0811867433434077,8.89353305527576,4.948099332011109
0.1,3300,17.063960571745525,1.65,1.1149738290728892,9.209358916853244,5.0896278258193925
0.1,3400,17.606998481175573,1.7,1.1487609148023707,9.527806043772799,5.230431522600406
0.1,3500,18.15197118208683,1.75,1.1825480005318523,9.848907205665409,5.3705159758895675
0.1,3600,18.69891748956369,1.8,1.2163350862613336,10.172695720671877,5.509886682630482
0.1,3700,19.247876722852265,1.85,1.250122171990815,10.499205466967492,5.6485490838939585
0.1,3800,19.7988887178849,1.9,1.2839092577202966,10.828470894578494,5.786508565586107
0.1,3900,20.35199384009445,1.95,1.3176963434497782,11.160527037498996,5.923770459145678
0.5,100,0.6476084021975683,0.05,0.030385901902655693,0.33035805458048656,0.23686444571442614
0.5,200,1.1547087902952222,0.1,0.060771803805311386,0.5960306461403292,0.3979063403495817
0.5,300,1.6425667291430912,0.15,0.09115770570796708,0.8524972754851253,0.5489117479499988
0.5,400,2.145999776420498,0.2,0.12154360761062277,1.1198219396234097,0.7046342291864652
0.5,500,2.6304480203965057,0.25,0.15192950951327847,1.3793407541213776,0.8491777567618496
0.5,600,3.133873146162496,0.3,0.18231541141593416,1.6455884239504883,1.0059693107960732
0.5,700,3.6360547592023185,0.35,0.21270131331858985,1.9110137764649502,1.1623396694187782
0.5,800,4.132823307017206,0.4,0.24308721522124555,2.1740061887638964,1.3157299030320635
0.5,900,4.624296477417427,0.45,0.27347311712390127,2.4345989594388637,1.4662244008546614
0.5,1000,5.110588196871401,0.5,0.30385901902655693,2.6928247821833184,1.613904395661526
0.5,1100,5.610049750490285,0.55,0.33424492092921265,2.955866921287251,1.7699379082738207
0.5,1200,6.113756537844874,0.6,0.3646308228318683,3.2202641176813245,1.9288615973316814
0.5,1300,6.6164306074517345,0.65,0.39501672473452404,3.483954162214383,2.087459720502827
0.5,1400,7.118075791916834,0.7,0.4254026266371797,3.7469398881005676,2.245733277179086
0.5,1500,7.618695904644966,0.75,0.4557885285398354,4.009224113439119,2.4036832626660116
0.5,1600,8.118294739961286,0.8,0.4861744304424911,4.270809641315044,2.561310668203751
0.5,1700,8.61687607323189,0.85,0.5165603323451468,4.531699259898965,2.7186164809877775
0.5,1800,9.114443660983497,0.9,0.5469462342478025,4.791895742546193,2.8756016841895007
0.5,1900,9.611001241022194,0.95,0.5773321361504582,5.051401847894988,3.032267256976748
0.5,2000,10.106552532551307,1.0,0.6077180380531139,5.310220319964067,3.1886141745341265
0.5,2100,10.613502632099705,1.05,0.6381039399557695,5.583596606095138,3.3418020860487982
0.5,2200,11.132781856532265,1.1,0.6684898418584253,5.8726051947111735,3.491686819962667
0.5,2300,11.653565216036473,1.15,0.6988757437610809,6.163907756576045,3.6407817156993474
0.5,2400,12.175886358505522,1.2,0.7292616456637366,6.457531712748504,3.789093000093282
0.5,2500,12.699779305336266,1.25,0.7596475475663924,6.753504923073264,3.9366268346966096
0.5,2600,13.225278461094469,1.3,0.7900334494690481,7.051855694992967,4.083389316632454
0.5,2700,13.752418623379915,1.35,0.8204193513717037,7.352612792573341,4.22938647943487
0.5,2800,14.281234992897666,1.4,0.8508052532743594,7.65580544574763,4.3746242938756765
0.5,2900,14.81176318374196,1.45,0.8811911551770152,7.961463359786524,4.519108668778419
0.5,3000,15.34403923389942,1.5,0.9115770570796708,8.269616725000033,4.662845451819716
0.5,3100,15.878099615978435,1.55,0.9419629589823265,8.580296226677941,4.805840430318167
0.5,3200,16.41398124817185,1.6,0.9723488608849822,8.89353305527576,4.948099332011109
0.5,3300,16.951721505460274,1.65,1.002734762787638,9.209358916853244,5.0896278258193925
0.5,3400,17.491358231063497,1.7,1.0331206646902935,9.527806043772799,5.230431522600406
0.5,3500,18.032929748147925,1.75,1.0635065665929495,9.848907205665409,5.3705159758895675
0.5,3600,18.576474871797963,1.8,1.093892468495605,10.172695720671877,5.509886682630482
0.5,3700,19.12203292125971,1.85,1.1242783703982606,10.499205466967492,5.6485490838939585
0.5,3800,19.669643732465516,1.9,1.1546642723009164,10.828470894578494,5.786508565586107
0.5,3900,20.219347670848247,1.95,1.1850501742035722,11.160527037498996,5.923770459145678
1.0,100,0.6471077834885792,0.05,0.0298852831936665,0.33035805458048656,0.23686444571442614
1.0,200,1.1537075528772438,0.1,0.059770566387333,0.5960306461403292,0.3979063403495817
1.0,300,1.6410648730161237,0.15,0.08965584958099951,0.8524972754851253,0.5489117479499988
1.0,400,2.143997301584541,0.2,0.119541132774666,1.1198219396234097,0.7046342291864652
1.0,500,2.62794492685156,0.25,0.14942641596833253,1.3793407541213776,0.8491777567618496
1.0,600,3.1308694339085608,0.3,0.17931169916199902,1.6455884239504883,1.0059693107960732
1.0,700,3.6325504282393943,0.35,0.20919698235566553,1.9110137764649502,1.1623396694187782
1.0,800,4.128818357345292,0.4,0.239082265549332,2.1740061887638964,1.3157299030320635
1.0,900,4.619790909036524,0.45,0.26896754874299855,2.4345989594388637,1.4662244008546614
1.0,1000,5.105582009781509,0.5,0.29885283193666506,2.6928247821833184,1.613904395661526
1.0,1100,5.604542944691403,0.55,0.3287381151303316,2.955866921287251,1.7699379082738207
1.0,1200,6.107749113337004,0.6,0.35862339832399803,3.2202641176813245,1.9288615973316814
1.0,1300,6.609922564234875,0.65,0.38850868151766454,3.483954162214383,2.087459720502827
1.0,1400,7.111067129990985,0.7,0.41839396471133106,3.7469398881005676,2.245733277179086
1.0,1500,7.611186624010128,0.75,0.4482792479049975,4.009224113439119,2.4036832626660116
1.0,1600,8.110284840617458,0.8,0.478164531098664,4.270809641315044,2.561310668203751
1.0,1700,8.608365555179073,0.85,0.5080498142923305,4.531699259898965,2.7186164809877775
1.0,1800,9.10543252422169,0.9,0.5379350974859971,4.791895742546193,2.8756016841895007
1.0,1900,9.6014894855514,0.95,0.5678203806796636,5.051401847894988,3.032267256976748
1.0,2000,10.096540158371523,1.0,0.5977056638733301,5.310220319964067,3.1886141745341265
1.0,2100,10.602989639210932,1.05,0.6275909470669966,5.583596606095138,3.3418020860487982
1.0,2200,11.121768244934504,1.1,0.6574762302606632,5.8726051947111735,3.491686819962667
1.0,2300,11.642050985729721,1.15,0.6873615134543296,6.163907756576045,3.6407817156993474
1.0,2400,12.163871509489784,1.2,0.7172467966479961,6.457531712748504,3.789093000093282
1.0,2500,12.687263837611537,1.25,0.7471320798416626,6.753504923073264,3.9366268346966096
1.0,2600,13.21226237466075,1.3,0.7770173630353291,7.051855694992967,4.083389316632454
1.0,2700,13.738901918237206,1.35,0.8069026462289957,7.352612792573341,4.22938647943487
1.0,2800,14.26721766904597,1.4,0.8367879294226621,7.65580544574763,4.3746242938756765
1.0,2900,14.797245241181272,1.45,0.8666732126163286,7.961463359786524,4.519108668778419
1.0,3000,15.329020672629742,1.5,0.896558495809995,8.269616725000033,4.662845451819716
1.0,3100,15.86258043599977,1.55,0.9264437790036616,8.580296226677941,4.805840430318167
1.0,3200,16.3979614494842,1.6,0.956329062197328,8.89353305527576,4.948099332011109
1.0,3300,16.935201088063632,1.65,0.9862143453909946,9.209358916853244,5.0896278258193925
1.0,3400,17.474337194957865,1.7,1.016099628584661,9.527806043772799,5.230431522600406
1.0,3500,18.015408093333306,1.75,1.0459849117783275,9.848907205665409,5.3705159758895675
1.0,3600,18.558452598274354,1.8,1.0758701949719942,10.172695720671877,5.509886682630482
1.0,3700,19.10351002902711,1.85,1.1057554781656607,10.499205466967492,5.6485490838939585
1.0,3800,19.65062022152393,1.9,1.1356407613593271,10.828470894578494,5.786508565586107
1.0,3900,20.199823541197667,1.95,1.1655260445529936,11.160527037498996,5.923770459145678
