tol,oriSize,compressedsize,psnr,max_error,rmse,comp_ratio,method,time,data
0.000010,67108864,8402928,113.547234,0.000000,0.000000,7.986367,cuSZp,0.030000,Hurricate_ISABEL/100x500x500/CLOUDf48.bin.f32
0.000050,67108864,6844760,99.576447,0.000000,0.000000,9.804415,cuSZp,0.030000,Hurricate_ISABEL/100x500x500/CLOUDf48.bin.f32
0.000100,67108864,6181676,93.559570,0.000000,0.000000,10.856095,cuSZp,0.029000,Hurricate_ISABEL/100x500x500/CLOUDf48.bin.f32
0.000500,67108864,4679708,79.624641,0.000001,0.000000,14.340396,cuSZp,0.028000,Hurricate_ISABEL/100x500x500/CLOUDf48.bin.f32
0.001000,67108864,4064412,73.636803,0.000002,0.000000,16.511333,cuSZp,0.028000,Hurricate_ISABEL/100x500x500/CLOUDf48.bin.f32
0.005000,67108864,2745444,59.931107,0.000010,0.000002,24.443720,cuSZp,0.030000,Hurricate_ISABEL/100x500x500/CLOUDf48.bin.f32
0.010000,67108864,2243964,54.228718,0.000020,0.000004,29.906391,cuSZp,0.028000,Hurricate_ISABEL/100x500x500/CLOUDf48.bin.f32
0.020000,67108864,1800896,48.662621,0.000041,0.000008,37.264153,cuSZp,0.026000,Hurricate_ISABEL/100x500x500/CLOUDf48.bin.f32
0.030000,67108864,1568996,45.492989,0.000061,0.000011,42.771851,cuSZp,0.026000,Hurricate_ISABEL/100x500x500/CLOUDf48.bin.f32
0.050000,67108864,1296224,41.753170,0.000102,0.000017,51.772583,cuSZp,0.026000,Hurricate_ISABEL/100x500x500/CLOUDf48.bin.f32
0.100000,67108864,996704,37.208588,0.000205,0.000028,67.330788,cuSZp,0.026000,Hurricate_ISABEL/100x500x500/CLOUDf48.bin.f32
0.000010,67108864,8179668,110.149879,0.000000,0.000000,8.204350,cuSZp,0.030000,Hurricate_ISABEL/100x500x500/PRECIPf48.bin.f32
0.000050,67108864,6147816,97.088814,0.000000,0.000000,10.915887,cuSZp,0.029000,Hurricate_ISABEL/100x500x500/PRECIPf48.bin.f32
0.000100,67108864,5342824,91.348343,0.000001,0.000000,12.560560,cuSZp,0.028000,Hurricate_ISABEL/100x500x500/PRECIPf48.bin.f32
0.000500,67108864,3668112,78.097153,0.000004,0.000001,18.295206,cuSZp,0.028000,Hurricate_ISABEL/100x500x500/PRECIPf48.bin.f32
0.001000,67108864,3046688,72.451355,0.000008,0.000002,22.026825,cuSZp,0.028000,Hurricate_ISABEL/100x500x500/PRECIPf48.bin.f32
0.005000,67108864,1850216,59.687462,0.000038,0.000008,36.270828,cuSZp,0.027000,Hurricate_ISABEL/100x500x500/PRECIPf48.bin.f32
0.010000,67108864,1455392,54.334095,0.000075,0.000014,46.110508,cuSZp,0.026000,Hurricate_ISABEL/100x500x500/PRECIPf48.bin.f32
0.020000,67108864,1141372,49.195236,0.000150,0.000026,58.796661,cuSZp,0.026000,Hurricate_ISABEL/100x500x500/PRECIPf48.bin.f32
0.030000,67108864,983028,46.468437,0.000225,0.000036,68.267502,cuSZp,0.026000,Hurricate_ISABEL/100x500x500/PRECIPf48.bin.f32
0.050000,67108864,807520,43.507458,0.000375,0.000050,83.104897,cuSZp,0.026000,Hurricate_ISABEL/100x500x500/PRECIPf48.bin.f32
0.100000,67108864,633752,40.606239,0.000751,0.000070,105.891365,cuSZp,0.026000,Hurricate_ISABEL/100x500x500/PRECIPf48.bin.f32
0.000010,67108864,5285208,117.068474,0.000000,0.000000,12.697488,cuSZp,0.030000,Hurricate_ISABEL/100x500x500/QCLOUDf48.bin.f32
0.000050,67108864,4365840,103.156281,0.000000,0.000000,15.371352,cuSZp,0.029000,Hurricate_ISABEL/100x500x500/QCLOUDf48.bin.f32
0.000100,67108864,3979184,97.175598,0.000000,0.000000,16.864981,cuSZp,0.029000,Hurricate_ISABEL/100x500x500/QCLOUDf48.bin.f32
0.000500,67108864,3109748,83.354225,0.000001,0.000000,21.580162,cuSZp,0.028000,Hurricate_ISABEL/100x500x500/QCLOUDf48.bin.f32
0.001000,67108864,2755352,77.415504,0.000002,0.000000,24.355822,cuSZp,0.028000,Hurricate_ISABEL/100x500x500/QCLOUDf48.bin.f32
0.005000,67108864,1989240,63.686474,0.000010,0.000001,33.735931,cuSZp,0.027000,Hurricate_ISABEL/100x500x500/QCLOUDf48.bin.f32
0.010000,67108864,1694820,57.798710,0.000020,0.000003,39.596455,cuSZp,0.026000,Hurricate_ISABEL/100x500x500/QCLOUDf48.bin.f32
0.020000,67108864,1430256,51.956306,0.000041,0.000005,46.920876,cuSZp,0.026000,Hurricate_ISABEL/100x500x500/QCLOUDf48.bin.f32
0.030000,67108864,1288104,48.574604,0.000061,0.000008,52.098949,cuSZp,0.026000,Hurricate_ISABEL/100x500x500/QCLOUDf48.bin.f32
0.050000,67108864,1126988,44.382782,0.000102,0.000012,59.547096,cuSZp,0.026000,Hurricate_ISABEL/100x500x500/QCLOUDf48.bin.f32
0.100000,67108864,935376,38.709373,0.000205,0.000024,71.745331,cuSZp,0.026000,Hurricate_ISABEL/100x500x500/QCLOUDf48.bin.f32
0.000010,67108864,28059464,104.795441,0.000940,0.000539,2.391666,cuSZp,0.035000,Hurricate_ISABEL/100x500x500/Vf48.bin.f32
0.000050,67108864,23205668,90.820297,0.004688,0.002696,2.891917,cuSZp,0.034000,Hurricate_ISABEL/100x500x500/Vf48.bin.f32
0.000100,67108864,21122288,84.797966,0.009373,0.005393,3.177159,cuSZp,0.033000,Hurricate_ISABEL/100x500x500/Vf48.bin.f32
0.000500,67108864,16311580,70.819130,0.046852,0.026964,4.114185,cuSZp,0.031000,Hurricate_ISABEL/100x500x500/Vf48.bin.f32
0.001000,67108864,14272392,64.798897,0.093704,0.053926,4.702005,cuSZp,0.031000,Hurricate_ISABEL/100x500x500/Vf48.bin.f32
0.005000,67108864,9773732,50.823948,0.468503,0.269491,6.866248,cuSZp,0.029000,Hurricate_ISABEL/100x500x500/Vf48.bin.f32
0.010000,67108864,8001464,44.779457,0.937004,0.540466,8.387074,cuSZp,0.028000,Hurricate_ISABEL/100x500x500/Vf48.bin.f32
0.020000,67108864,6278096,38.746197,1.874009,1.082510,10.689365,cuSZp,0.030000,Hurricate_ISABEL/100x500x500/Vf48.bin.f32
0.030000,67108864,5294388,35.262634,2.811014,1.616627,12.675471,cuSZp,0.028000,Hurricate_ISABEL/100x500x500/Vf48.bin.f32
0.050000,67108864,4083868,30.956566,4.685022,2.654075,16.432673,cuSZp,0.028000,Hurricate_ISABEL/100x500x500/Vf48.bin.f32
0.100000,67108864,2570276,25.439699,9.370044,5.009064,26.109594,cuSZp,0.027000,Hurricate_ISABEL/100x500x500/Vf48.bin.f32
0.000010,67108864,13141800,104.877258,0.036995,0.021098,5.106520,cuSZp,0.031000,NYX/SDRBENCH-EXASKY-NYX-512x512x512/dark_matter_density.f32
0.000050,67108864,8726548,90.846390,0.184957,0.106116,7.690196,cuSZp,0.030000,NYX/SDRBENCH-EXASKY-NYX-512x512x512/dark_matter_density.f32
0.000100,67108864,7037616,84.701180,0.369914,0.215299,9.535738,cuSZp,0.028000,NYX/SDRBENCH-EXASKY-NYX-512x512x512/dark_matter_density.f32
0.000500,67108864,3300124,75.070625,1.849569,0.652483,20.335255,cuSZp,0.028000,NYX/SDRBENCH-EXASKY-NYX-512x512x512/dark_matter_density.f32
0.001000,67108864,2080552,72.339478,3.699139,0.893566,32.255318,cuSZp,0.027000,NYX/SDRBENCH-EXASKY-NYX-512x512x512/dark_matter_density.f32
0.005000,67108864,777748,66.528473,18.495653,1.744524,86.286125,cuSZp,0.027000,NYX/SDRBENCH-EXASKY-NYX-512x512x512/dark_matter_density.f32
0.010000,67108864,619108,64.380531,36.991177,2.233953,108.396057,cuSZp,0.026000,NYX/SDRBENCH-EXASKY-NYX-512x512x512/dark_matter_density.f32
0.020000,67108864,560812,62.509922,73.981544,2.770796,119.663742,cuSZp,0.025000,NYX/SDRBENCH-EXASKY-NYX-512x512x512/dark_matter_density.f32
0.030000,67108864,545384,61.398731,110.972839,3.148938,123.048828,cuSZp,0.025000,NYX/SDRBENCH-EXASKY-NYX-512x512x512/dark_matter_density.f32
0.050000,67108864,534124,60.029057,184.955872,3.686785,125.642853,cuSZp,0.026000,NYX/SDRBENCH-EXASKY-NYX-512x512x512/dark_matter_density.f32
0.100000,67108864,527180,58.364372,369.877106,4.465623,127.297821,cuSZp,0.025000,NYX/SDRBENCH-EXASKY-NYX-512x512x512/dark_matter_density.f32
0.000010,134793068,26384535,104.880585,0.041122,0.023444,5.108791,cuSZp,0.057000,NYX/SDRBENCH-EXASKY-NYX-512x512x512/dark_matter_density.f32
0.000050,134793068,17547959,90.845421,0.205600,0.117973,7.681410,cuSZp,0.056000,NYX/SDRBENCH-EXASKY-NYX-512x512x512/dark_matter_density.f32
0.000100,134793068,14238223,84.696121,0.411200,0.239467,9.466987,cuSZp,0.055000,NYX/SDRBENCH-EXASKY-NYX-512x512x512/dark_matter_density.f32
0.000500,134793068,6704459,75.254417,2.055995,0.710119,20.104988,cuSZp,0.052000,NYX/SDRBENCH-EXASKY-NYX-512x512x512/dark_matter_density.f32
0.001000,134793068,4303219,72.271721,4.111991,1.001074,31.323776,cuSZp,0.050000,NYX/SDRBENCH-EXASKY-NYX-512x512x512/dark_matter_density.f32
0.005000,134793068,1643763,65.902313,20.559868,2.084186,82.002739,cuSZp,0.048000,NYX/SDRBENCH-EXASKY-NYX-512x512x512/dark_matter_density.f32
0.010000,134793068,1290599,63.557835,41.119717,2.729987,104.442253,cuSZp,0.046000,NYX/SDRBENCH-EXASKY-NYX-512x512x512/dark_matter_density.f32
0.020000,134793068,1151299,61.470642,82.237686,3.471524,117.079117,cuSZp,0.046000,NYX/SDRBENCH-EXASKY-NYX-512x512x512/dark_matter_density.f32
0.030000,134793068,1111339,60.244461,123.353714,3.997875,121.288887,cuSZp,0.046000,NYX/SDRBENCH-EXASKY-NYX-512x512x512/dark_matter_density.f32
0.050000,134793068,1080903,58.731663,205.574692,4.758488,124.704132,cuSZp,0.046000,NYX/SDRBENCH-EXASKY-NYX-512x512x512/dark_matter_density.f32
0.100000,134793068,1061631,56.927753,411.039185,5.856855,126.967911,cuSZp,0.050000,NYX/SDRBENCH-EXASKY-NYX-512x512x512/dark_matter_density.f32
0.000010,536870912,75440324,104.897430,0.137789,0.078405,7.116498,cuSZp,0.210000,NYX/SDRBENCH-EXASKY-NYX-512x512x512/dark_matter_density.f32
0.000050,536870912,46239844,91.266853,0.688947,0.376594,11.610569,cuSZp,0.202000,NYX/SDRBENCH-EXASKY-NYX-512x512x512/dark_matter_density.f32
0.000100,536870912,31263468,87.770454,1.377893,0.563239,17.172468,cuSZp,0.189000,NYX/SDRBENCH-EXASKY-NYX-512x512x512/dark_matter_density.f32
0.000500,536870912,10772408,81.251488,6.889467,1.193003,49.837597,cuSZp,0.176000,NYX/SDRBENCH-EXASKY-NYX-512x512x512/dark_matter_density.f32
0.001000,536870912,7221824,78.688232,13.778934,1.602522,74.340073,cuSZp,0.174000,NYX/SDRBENCH-EXASKY-NYX-512x512x512/dark_matter_density.f32
0.005000,536870912,4556840,73.514725,68.894592,2.907230,117.816490,cuSZp,0.171000,NYX/SDRBENCH-EXASKY-NYX-512x512x512/dark_matter_density.f32
0.010000,536870912,4339056,71.484657,137.789139,3.672677,123.729889,cuSZp,0.171000,NYX/SDRBENCH-EXASKY-NYX-512x512x512/dark_matter_density.f32
0.020000,536870912,4242776,69.527878,275.572815,4.600679,126.537651,cuSZp,0.171000,NYX/SDRBENCH-EXASKY-NYX-512x512x512/dark_matter_density.f32
0.030000,536870912,4218624,68.533691,413.355927,5.158588,127.262093,cuSZp,0.171000,NYX/SDRBENCH-EXASKY-NYX-512x512x512/dark_matter_density.f32
0.050000,536870912,4203904,67.440804,688.890625,5.850266,127.707703,cuSZp,0.170000,NYX/SDRBENCH-EXASKY-NYX-512x512x512/dark_matter_density.f32
0.100000,536870912,4196688,66.187546,1377.147583,6.758313,127.927284,cuSZp,0.171000,NYX/SDRBENCH-EXASKY-NYX-512x512x512/dark_matter_density.f32
0.000010,67108864,40370176,104.769920,0.242188,0.137989,1.662338,cuSZp,0.038000,SDRBENCH-SCALE_98x1200x1200/PRES-98x1200x1200.f32
0.000050,67108864,36175864,90.792625,1.195312,0.689780,1.855073,cuSZp,0.036000,SDRBENCH-SCALE_98x1200x1200/PRES-98x1200x1200.f32
0.000100,67108864,34078712,84.768303,2.390625,1.380150,1.969231,cuSZp,0.036000,SDRBENCH-SCALE_98x1200x1200/PRES-98x1200x1200.f32
0.000500,67108864,28143560,70.788139,11.953125,6.901358,2.384519,cuSZp,0.035000,SDRBENCH-SCALE_98x1200x1200/PRES-98x1200x1200.f32
0.001000,67108864,26047612,64.766647,23.906250,13.804136,2.576392,cuSZp,0.035000,SDRBENCH-SCALE_98x1200x1200/PRES-98x1200x1200.f32
0.005000,67108864,21495808,50.794868,119.492188,68.960134,3.121951,cuSZp,0.033000,SDRBENCH-SCALE_98x1200x1200/PRES-98x1200x1200.f32
0.010000,67108864,19398656,44.763332,238.976562,138.094008,3.459460,cuSZp,0.032000,SDRBENCH-SCALE_98x1200x1200/PRES-98x1200x1200.f32
0.020000,67108864,17301504,38.836338,477.945312,273.227634,3.878788,cuSZp,0.032000,SDRBENCH-SCALE_98x1200x1200/PRES-98x1200x1200.f32
0.030000,67108864,16646568,35.242901,716.906250,413.234356,4.031394,cuSZp,0.031000,SDRBENCH-SCALE_98x1200x1200/PRES-98x1200x1200.f32
0.050000,67108864,15204352,30.709433,1194.851562,696.417920,4.413793,cuSZp,0.030000,SDRBENCH-SCALE_98x1200x1200/PRES-98x1200x1200.f32
0.100000,67108864,13107200,24.925211,2389.695312,1355.442228,5.120000,cuSZp,0.030000,SDRBENCH-SCALE_98x1200x1200/PRES-98x1200x1200.f32
0.000010,134793068,78236003,104.767685,0.359375,0.201842,1.722903,cuSZp,0.070000,SDRBENCH-SCALE_98x1200x1200/PRES-98x1200x1200.f32
0.000050,134793068,68449615,90.790932,1.750000,1.008901,1.969231,cuSZp,0.067000,SDRBENCH-SCALE_98x1200x1200/PRES-98x1200x1200.f32
0.000100,134793068,64237331,84.773293,3.492188,2.017115,2.098360,cuSZp,0.066000,SDRBENCH-SCALE_98x1200x1200/PRES-98x1200x1200.f32
0.000500,134793068,55804479,70.791275,17.476562,10.088614,2.415452,cuSZp,0.064000,SDRBENCH-SCALE_98x1200x1200/PRES-98x1200x1200.f32
0.001000,134793068,51592319,64.760818,34.953125,20.200139,2.612658,cuSZp,0.063000,SDRBENCH-SCALE_98x1200x1200/PRES-98x1200x1200.f32
0.005000,134793068,40725691,50.733940,174.734375,101.554263,3.309780,cuSZp,0.061000,SDRBENCH-SCALE_98x1200x1200/PRES-98x1200x1200.f32
0.010000,134793068,36538595,44.789211,349.460938,201.342125,3.689060,cuSZp,0.059000,SDRBENCH-SCALE_98x1200x1200/PRES-98x1200x1200.f32
0.020000,134793068,32406795,38.788174,698.921875,401.778233,4.159408,cuSZp,0.058000,SDRBENCH-SCALE_98x1200x1200/PRES-98x1200x1200.f32
0.030000,134793068,30539059,35.198551,1048.382812,607.389850,4.413793,cuSZp,0.061000,SDRBENCH-SCALE_98x1200x1200/PRES-98x1200x1200.f32
0.050000,134793068,26326775,30.840349,1747.289062,1003.177376,5.119999,cuSZp,0.057000,SDRBENCH-SCALE_98x1200x1200/PRES-98x1200x1200.f32
0.100000,134793068,22114491,24.865067,3494.578125,1995.914069,6.095237,cuSZp,0.056000,SDRBENCH-SCALE_98x1200x1200/PRES-98x1200x1200.f32
0.000010,536870912,262447872,104.771339,0.992188,0.570724,2.045629,cuSZp,0.247000,SDRBENCH-SCALE_98x1200x1200/PRES-98x1200x1200.f32
0.000050,536870912,223519900,90.792778,4.949219,2.853347,2.401893,cuSZp,0.239000,SDRBENCH-SCALE_98x1200x1200/PRES-98x1200x1200.f32
0.000100,536870912,206745684,84.773582,9.890625,5.705771,2.596770,cuSZp,0.239000,SDRBENCH-SCALE_98x1200x1200/PRES-98x1200x1200.f32
0.000500,536870912,166705688,70.746437,49.429688,28.686112,3.220471,cuSZp,0.229000,SDRBENCH-SCALE_98x1200x1200/PRES-98x1200x1200.f32
0.001000,536870912,150017320,64.722336,98.859375,57.395338,3.578726,cuSZp,0.224000,SDRBENCH-SCALE_98x1200x1200/PRES-98x1200x1200.f32
0.005000,536870912,112831724,50.881538,494.273438,282.433716,4.758156,cuSZp,0.217000,SDRBENCH-SCALE_98x1200x1200/PRES-98x1200x1200.f32
0.010000,536870912,96758368,44.784985,988.539062,569.828660,5.548573,cuSZp,0.213000,SDRBENCH-SCALE_98x1200x1200/PRES-98x1200x1200.f32
0.020000,536870912,80848532,38.916721,1977.078125,1119.843527,6.640453,cuSZp,0.209000,SDRBENCH-SCALE_98x1200x1200/PRES-98x1200x1200.f32
0.030000,536870912,71931084,35.233196,2965.617188,1711.329586,7.463685,cuSZp,0.208000,SDRBENCH-SCALE_98x1200x1200/PRES-98x1200x1200.f32
0.050000,536870912,60704116,30.395359,4942.695312,2986.933245,8.844061,cuSZp,0.205000,SDRBENCH-SCALE_98x1200x1200/PRES-98x1200x1200.f32
0.100000,536870912,45747428,24.599300,9885.382812,5821.412529,11.735543,cuSZp,0.200000,SDRBENCH-SCALE_98x1200x1200/PRES-98x1200x1200.f32
0.000010,67108864,34985968,104.770660,0.000977,0.000562,1.918165,cuSZp,0.037000,SDRBENCH-SCALE_98x1200x1200/RH-98x1200x1200.f32
0.000050,67108864,29870136,90.791313,0.004875,0.002812,2.246688,cuSZp,0.036000,SDRBENCH-SCALE_98x1200x1200/RH-98x1200x1200.f32
0.000100,67108864,27773312,84.769913,0.009743,0.005624,2.416308,cuSZp,0.035000,SDRBENCH-SCALE_98x1200x1200/RH-98x1200x1200.f32
0.000500,67108864,23030976,70.792252,0.048706,0.028113,2.913852,cuSZp,0.033000,SDRBENCH-SCALE_98x1200x1200/RH-98x1200x1200.f32
0.001000,67108864,20935632,64.770874,0.097397,0.056231,3.205485,cuSZp,0.032000,SDRBENCH-SCALE_98x1200x1200/RH-98x1200x1200.f32
0.005000,67108864,16222276,50.789917,0.486961,0.281204,4.136834,cuSZp,0.031000,SDRBENCH-SCALE_98x1200x1200/RH-98x1200x1200.f32
0.010000,67108864,14153084,44.768269,0.973915,0.562476,4.741642,cuSZp,0.030000,SDRBENCH-SCALE_98x1200x1200/RH-98x1200x1200.f32
0.020000,67108864,12108920,38.760208,1.947823,1.123328,5.542101,cuSZp,0.030000,SDRBENCH-SCALE_98x1200x1200/RH-98x1200x1200.f32
0.030000,67108864,10682372,35.219223,2.921722,1.688714,6.282206,cuSZp,0.030000,SDRBENCH-SCALE_98x1200x1200/RH-98x1200x1200.f32
0.050000,67108864,9338460,30.783487,4.869537,2.814122,7.186288,cuSZp,0.029000,SDRBENCH-SCALE_98x1200x1200/RH-98x1200x1200.f32
0.100000,67108864,7543336,24.934687,9.739067,5.518015,8.896443,cuSZp,0.028000,SDRBENCH-SCALE_98x1200x1200/RH-98x1200x1200.f32
0.000010,134793068,69755763,104.770973,0.001156,0.000666,1.932357,cuSZp,0.068000,SDRBENCH-SCALE_98x1200x1200/RH-98x1200x1200.f32
0.000050,134793068,59637175,90.790695,0.005768,0.003329,2.260219,cuSZp,0.065000,SDRBENCH-SCALE_98x1200x1200/RH-98x1200x1200.f32
0.000100,134793068,55425239,84.770775,0.011536,0.006658,2.431980,cuSZp,0.064000,SDRBENCH-SCALE_98x1200x1200/RH-98x1200x1200.f32
0.000500,134793068,46280047,70.792381,0.057663,0.033284,2.912553,cuSZp,0.062000,SDRBENCH-SCALE_98x1200x1200/RH-98x1200x1200.f32
0.001000,134793068,42072319,64.771500,0.115311,0.066571,3.203842,cuSZp,0.061000,SDRBENCH-SCALE_98x1200x1200/RH-98x1200x1200.f32
0.005000,134793068,32153919,50.794193,0.576538,0.332773,4.192120,cuSZp,0.059000,SDRBENCH-SCALE_98x1200x1200/RH-98x1200x1200.f32
0.010000,134793068,28020543,44.779469,1.153076,0.665096,4.810509,cuSZp,0.057000,SDRBENCH-SCALE_98x1200x1200/RH-98x1200x1200.f32
0.020000,134793068,23964175,38.745174,2.306152,1.332292,5.624774,cuSZp,0.056000,SDRBENCH-SCALE_98x1200x1200/RH-98x1200x1200.f32
0.030000,134793068,21438359,35.229050,3.459236,1.997126,6.287471,cuSZp,0.056000,SDRBENCH-SCALE_98x1200x1200/RH-98x1200x1200.f32
0.050000,134793068,18072055,30.783476,5.765388,3.331840,7.458646,cuSZp,0.055000,SDRBENCH-SCALE_98x1200x1200/RH-98x1200x1200.f32
0.100000,134793068,14499083,24.611004,11.530766,6.781220,9.296661,cuSZp,0.054000,SDRBENCH-SCALE_98x1200x1200/RH-98x1200x1200.f32
0.000010,536870912,241934552,104.771324,0.002047,0.001181,2.219075,cuSZp,0.244000,SDRBENCH-SCALE_98x1200x1200/RH-98x1200x1200.f32
0.000050,536870912,202401992,90.791237,0.010224,0.005903,2.652498,cuSZp,0.235000,SDRBENCH-SCALE_98x1200x1200/RH-98x1200x1200.f32
0.000100,536870912,185695052,84.770607,0.020449,0.011806,2.891143,cuSZp,0.232000,SDRBENCH-SCALE_98x1200x1200/RH-98x1200x1200.f32
0.000500,536870912,147489792,70.787994,0.102242,0.059052,3.640055,cuSZp,0.224000,SDRBENCH-SCALE_98x1200x1200/RH-98x1200x1200.f32
0.001000,536870912,131222536,64.831306,0.204475,0.117239,4.091301,cuSZp,0.220000,SDRBENCH-SCALE_98x1200x1200/RH-98x1200x1200.f32
0.005000,536870912,93804424,50.901581,1.022369,0.582850,5.723300,cuSZp,0.213000,SDRBENCH-SCALE_98x1200x1200/RH-98x1200x1200.f32
0.010000,536870912,79074448,45.032253,2.044731,1.145574,6.789436,cuSZp,0.210000,SDRBENCH-SCALE_98x1200x1200/RH-98x1200x1200.f32
0.020000,536870912,65074804,39.250999,4.089462,2.228875,8.250058,cuSZp,0.206000,SDRBENCH-SCALE_98x1200x1200/RH-98x1200x1200.f32
0.030000,536870912,56560384,35.720100,6.134193,3.346807,9.491996,cuSZp,0.205000,SDRBENCH-SCALE_98x1200x1200/RH-98x1200x1200.f32
0.050000,536870912,47980864,31.498182,10.223648,5.441602,11.189272,cuSZp,0.201000,SDRBENCH-SCALE_98x1200x1200/RH-98x1200x1200.f32
0.100000,536870912,36444224,25.486208,20.447294,10.872400,14.731303,cuSZp,0.194000,SDRBENCH-SCALE_98x1200x1200/RH-98x1200x1200.f32
0.000010,67108864,30174044,104.771217,0.000000,0.000000,2.224059,cuSZp,0.035000,SDRBENCH-SCALE_98x1200x1200/QS-98x1200x1200.f32
0.000050,67108864,25284824,90.792564,0.000000,0.000000,2.654116,cuSZp,0.033000,SDRBENCH-SCALE_98x1200x1200/QS-98x1200x1200.f32
0.000100,67108864,23189744,84.770020,0.000000,0.000000,2.893903,cuSZp,0.034000,SDRBENCH-SCALE_98x1200x1200/QS-98x1200x1200.f32
0.000500,67108864,18155948,70.790474,0.000000,0.000000,3.696247,cuSZp,0.034000,SDRBENCH-SCALE_98x1200x1200/QS-98x1200x1200.f32
0.001000,67108864,16069240,64.774925,0.000000,0.000000,4.176231,cuSZp,0.031000,SDRBENCH-SCALE_98x1200x1200/QS-98x1200x1200.f32
0.005000,67108864,11446332,50.808640,0.000000,0.000000,5.862915,cuSZp,0.030000,SDRBENCH-SCALE_98x1200x1200/QS-98x1200x1200.f32
0.010000,67108864,9437524,45.036266,0.000000,0.000000,7.110855,cuSZp,0.029000,SDRBENCH-SCALE_98x1200x1200/QS-98x1200x1200.f32
0.020000,67108864,7503896,38.571003,0.000000,0.000000,8.943203,cuSZp,0.028000,SDRBENCH-SCALE_98x1200x1200/QS-98x1200x1200.f32
0.030000,67108864,6762512,35.286930,0.000000,0.000000,9.923659,cuSZp,0.028000,SDRBENCH-SCALE_98x1200x1200/QS-98x1200x1200.f32
0.050000,67108864,5289872,32.086811,0.000000,0.000000,12.686293,cuSZp,0.028000,SDRBENCH-SCALE_98x1200x1200/QS-98x1200x1200.f32
0.100000,67108864,4035120,22.666456,0.000000,0.000000,16.631195,cuSZp,0.028000,SDRBENCH-SCALE_98x1200x1200/QS-98x1200x1200.f32
0.000010,134793068,58709659,104.771584,0.000000,0.000000,2.295927,cuSZp,0.065000,SDRBENCH-SCALE_98x1200x1200/QS-98x1200x1200.f32
0.000050,134793068,49081435,90.792702,0.000000,0.000000,2.746315,cuSZp,0.063000,SDRBENCH-SCALE_98x1200x1200/QS-98x1200x1200.f32
0.000100,134793068,44872067,84.771011,0.000000,0.000000,3.003942,cuSZp,0.062000,SDRBENCH-SCALE_98x1200x1200/QS-98x1200x1200.f32
0.000500,134793068,35202151,70.792549,0.000000,0.000000,3.829114,cuSZp,0.060000,SDRBENCH-SCALE_98x1200x1200/QS-98x1200x1200.f32
0.001000,134793068,31033519,64.769188,0.000000,0.000000,4.343467,cuSZp,0.061000,SDRBENCH-SCALE_98x1200x1200/QS-98x1200x1200.f32
0.005000,134793068,21319575,50.819687,0.000000,0.000000,6.322503,cuSZp,0.056000,SDRBENCH-SCALE_98x1200x1200/QS-98x1200x1200.f32
0.010000,134793068,17579483,44.749794,0.000000,0.000000,7.667635,cuSZp,0.056000,SDRBENCH-SCALE_98x1200x1200/QS-98x1200x1200.f32
0.020000,134793068,14167999,38.558044,0.000000,0.000000,9.513910,cuSZp,0.054000,SDRBENCH-SCALE_98x1200x1200/QS-98x1200x1200.f32
0.030000,134793068,11756799,35.674526,0.000000,0.000000,11.465117,cuSZp,0.054000,SDRBENCH-SCALE_98x1200x1200/QS-98x1200x1200.f32
0.050000,134793068,10143187,30.806078,0.000000,0.000000,13.289025,cuSZp,0.054000,SDRBENCH-SCALE_98x1200x1200/QS-98x1200x1200.f32
0.100000,134793068,4814555,23.018253,0.000000,0.000000,27.996994,cuSZp,0.050000,SDRBENCH-SCALE_98x1200x1200/QS-98x1200x1200.f32
0.000010,536870912,61964768,108.977638,0.000000,0.000000,8.664132,cuSZp,0.206000,SDRBENCH-SCALE_98x1200x1200/QS-98x1200x1200.f32
0.000050,536870912,47993604,95.270813,0.000000,0.000000,11.186301,cuSZp,0.201000,SDRBENCH-SCALE_98x1200x1200/QS-98x1200x1200.f32
0.000100,536870912,42327444,89.353508,0.000000,0.000000,12.683755,cuSZp,0.198000,SDRBENCH-SCALE_98x1200x1200/QS-98x1200x1200.f32
0.000500,536870912,30292540,75.752167,0.000000,0.000000,17.722876,cuSZp,0.189000,SDRBENCH-SCALE_98x1200x1200/QS-98x1200x1200.f32
0.001000,536870912,25609696,69.969673,0.000001,0.000000,20.963579,cuSZp,0.186000,SDRBENCH-SCALE_98x1200x1200/QS-98x1200x1200.f32
0.005000,536870912,16252416,56.642162,0.000004,0.000001,33.033298,cuSZp,0.183000,SDRBENCH-SCALE_98x1200x1200/QS-98x1200x1200.f32
0.010000,536870912,13016964,51.038879,0.000008,0.000002,41.243942,cuSZp,0.178000,SDRBENCH-SCALE_98x1200x1200/QS-98x1200x1200.f32
0.020000,536870912,10200684,45.420174,0.000015,0.000004,52.630875,cuSZp,0.174000,SDRBENCH-SCALE_98x1200x1200/QS-98x1200x1200.f32
0.030000,536870912,8702932,42.143402,0.000023,0.000006,61.688511,cuSZp,0.175000,SDRBENCH-SCALE_98x1200x1200/QS-98x1200x1200.f32
0.050000,536870912,7007112,38.193474,0.000038,0.000009,76.618004,cuSZp,0.173000,SDRBENCH-SCALE_98x1200x1200/QS-98x1200x1200.f32
0.100000,536870912,4998432,33.870743,0.000076,0.000015,107.407867,cuSZp,0.172000,SDRBENCH-SCALE_98x1200x1200/QS-98x1200x1200.f32
0.000010,67108864,10017452,106.914146,0.000000,0.000000,6.699195,cuSZp,0.031000,SDRBENCH-SCALE_98x1200x1200/QR-98x1200x1200.f32
0.000050,67108864,7236336,93.362350,0.000000,0.000000,9.273873,cuSZp,0.029000,SDRBENCH-SCALE_98x1200x1200/QR-98x1200x1200.f32
0.000100,67108864,6172560,87.609200,0.000000,0.000000,10.872128,cuSZp,0.030000,SDRBENCH-SCALE_98x1200x1200/QR-98x1200x1200.f32
0.000500,67108864,4067896,74.458778,0.000001,0.000000,16.497192,cuSZp,0.028000,SDRBENCH-SCALE_98x1200x1200/QR-98x1200x1200.f32
0.001000,67108864,3316148,68.898529,0.000002,0.000001,20.236994,cuSZp,0.028000,SDRBENCH-SCALE_98x1200x1200/QR-98x1200x1200.f32
0.005000,67108864,1955344,56.394691,0.000011,0.000003,34.320747,cuSZp,0.027000,SDRBENCH-SCALE_98x1200x1200/QR-98x1200x1200.f32
0.010000,67108864,1523420,51.210682,0.000021,0.000006,44.051453,cuSZp,0.027000,SDRBENCH-SCALE_98x1200x1200/QR-98x1200x1200.f32
0.020000,67108864,1182680,46.322403,0.000042,0.000010,56.743046,cuSZp,0.026000,SDRBENCH-SCALE_98x1200x1200/QR-98x1200x1200.f32
0.030000,67108864,1028928,43.537319,0.000064,0.000014,65.222122,cuSZp,0.026000,SDRBENCH-SCALE_98x1200x1200/QR-98x1200x1200.f32
0.050000,67108864,873224,40.124767,0.000106,0.000021,76.851830,cuSZp,0.028000,SDRBENCH-SCALE_98x1200x1200/QR-98x1200x1200.f32
0.100000,67108864,716404,35.645733,0.000212,0.000035,93.674606,cuSZp,0.026000,SDRBENCH-SCALE_98x1200x1200/QR-98x1200x1200.f32
0.000010,134793068,22923883,106.320564,0.000000,0.000000,5.880028,cuSZp,0.058000,SDRBENCH-SCALE_98x1200x1200/QR-98x1200x1200.f32
0.000050,134793068,16506155,92.701759,0.000000,0.000000,8.166230,cuSZp,0.056000,SDRBENCH-SCALE_98x1200x1200/QR-98x1200x1200.f32
0.000100,134793068,14016991,86.909721,0.000000,0.000000,9.616405,cuSZp,0.055000,SDRBENCH-SCALE_98x1200x1200/QR-98x1200x1200.f32
0.000500,134793068,9074655,73.610931,0.000002,0.000001,14.853795,cuSZp,0.054000,SDRBENCH-SCALE_98x1200x1200/QR-98x1200x1200.f32
0.001000,134793068,7303347,68.001610,0.000003,0.000001,18.456341,cuSZp,0.053000,SDRBENCH-SCALE_98x1200x1200/QR-98x1200x1200.f32
0.005000,134793068,4003179,55.612396,0.000016,0.000005,33.671505,cuSZp,0.049000,SDRBENCH-SCALE_98x1200x1200/QR-98x1200x1200.f32
0.010000,134793068,3009147,50.746075,0.000032,0.000009,44.794445,cuSZp,0.049000,SDRBENCH-SCALE_98x1200x1200/QR-98x1200x1200.f32
0.020000,134793068,2273979,46.062641,0.000063,0.000016,59.276302,cuSZp,0.049000,SDRBENCH-SCALE_98x1200x1200/QR-98x1200x1200.f32
0.030000,134793068,1951639,43.536179,0.000095,0.000021,69.066597,cuSZp,0.048000,SDRBENCH-SCALE_98x1200x1200/QR-98x1200x1200.f32
0.050000,134793068,1664431,40.383163,0.000158,0.000030,80.984474,cuSZp,0.047000,SDRBENCH-SCALE_98x1200x1200/QR-98x1200x1200.f32
0.100000,134793068,1375443,36.056610,0.000316,0.000050,97.999748,cuSZp,0.049000,SDRBENCH-SCALE_98x1200x1200/QR-98x1200x1200.f32
0.000010,536870912,37590704,110.058708,0.000000,0.000000,14.282013,cuSZp,0.194000,SDRBENCH-SCALE_98x1200x1200/QR-98x1200x1200.f32
0.000050,536870912,27035764,96.573532,0.000000,0.000000,19.857805,cuSZp,0.186000,SDRBENCH-SCALE_98x1200x1200/QR-98x1200x1200.f32
0.000100,536870912,23071056,90.830986,0.000001,0.000000,23.270323,cuSZp,0.185000,SDRBENCH-SCALE_98x1200x1200/QR-98x1200x1200.f32
0.000500,536870912,15324908,77.686691,0.000003,0.000001,35.032570,cuSZp,0.180000,SDRBENCH-SCALE_98x1200x1200/QR-98x1200x1200.f32
0.001000,536870912,12612488,72.155746,0.000006,0.000002,42.566616,cuSZp,0.177000,SDRBENCH-SCALE_98x1200x1200/QR-98x1200x1200.f32
0.005000,536870912,7752648,60.293606,0.000032,0.000006,69.250008,cuSZp,0.172000,SDRBENCH-SCALE_98x1200x1200/QR-98x1200x1200.f32
0.010000,536870912,6441048,55.632404,0.000064,0.000011,83.351486,cuSZp,0.176000,SDRBENCH-SCALE_98x1200x1200/QR-98x1200x1200.f32
0.020000,536870912,5554232,51.346996,0.000127,0.000017,96.659790,cuSZp,0.171000,SDRBENCH-SCALE_98x1200x1200/QR-98x1200x1200.f32
0.030000,536870912,5198272,48.830021,0.000191,0.000023,103.278725,cuSZp,0.171000,SDRBENCH-SCALE_98x1200x1200/QR-98x1200x1200.f32
0.050000,536870912,4837604,45.663689,0.000319,0.000033,110.978683,cuSZp,0.172000,SDRBENCH-SCALE_98x1200x1200/QR-98x1200x1200.f32
0.100000,536870912,4494968,41.833057,0.000637,0.000052,119.438202,cuSZp,0.171000,SDRBENCH-SCALE_98x1200x1200/QR-98x1200x1200.f32
0.000010,67108864,29583428,104.770821,0.000295,0.000169,2.268461,cuSZp,0.036000,SDRBENCH-SCALE_98x1200x1200/V-98x1200x1200.f32
0.000050,67108864,24709884,90.792404,0.001468,0.000847,2.715871,cuSZp,0.033000,SDRBENCH-SCALE_98x1200x1200/V-98x1200x1200.f32
0.000100,67108864,22615528,84.773041,0.002936,0.001694,2.967380,cuSZp,0.033000,SDRBENCH-SCALE_98x1200x1200/V-98x1200x1200.f32
0.000500,67108864,17785300,70.793190,0.014679,0.008473,3.773277,cuSZp,0.032000,SDRBENCH-SCALE_98x1200x1200/V-98x1200x1200.f32
0.001000,67108864,15716364,64.771957,0.029356,0.016947,4.270000,cuSZp,0.031000,SDRBENCH-SCALE_98x1200x1200/V-98x1200x1200.f32
0.005000,67108864,11043184,50.795692,0.146777,0.084704,6.076949,cuSZp,0.030000,SDRBENCH-SCALE_98x1200x1200/V-98x1200x1200.f32
0.010000,67108864,9169212,44.765663,0.293554,0.169592,7.318935,cuSZp,0.029000,SDRBENCH-SCALE_98x1200x1200/V-98x1200x1200.f32
0.020000,67108864,7432528,38.761162,0.587109,0.338556,9.029077,cuSZp,0.029000,SDRBENCH-SCALE_98x1200x1200/V-98x1200x1200.f32
0.030000,67108864,6453904,35.251015,0.880663,0.507151,10.398181,cuSZp,0.028000,SDRBENCH-SCALE_98x1200x1200/V-98x1200x1200.f32
0.050000,67108864,5291576,30.712603,1.467772,0.855181,12.682207,cuSZp,0.028000,SDRBENCH-SCALE_98x1200x1200/V-98x1200x1200.f32
0.100000,67108864,3667168,24.654417,2.935543,1.717780,18.299915,cuSZp,0.028000,SDRBENCH-SCALE_98x1200x1200/V-98x1200x1200.f32
0.000010,134793068,58202827,104.770409,0.000302,0.000174,2.315920,cuSZp,0.067000,SDRBENCH-SCALE_98x1200x1200/V-98x1200x1200.f32
0.000050,134793068,48427655,90.790985,0.001509,0.000871,2.783390,cuSZp,0.063000,SDRBENCH-SCALE_98x1200x1200/V-98x1200x1200.f32
0.000100,134793068,44222727,84.773003,0.003017,0.001741,3.048050,cuSZp,0.062000,SDRBENCH-SCALE_98x1200x1200/V-98x1200x1200.f32
0.000500,134793068,34507259,70.790497,0.015083,0.008709,3.906224,cuSZp,0.059000,SDRBENCH-SCALE_98x1200x1200/V-98x1200x1200.f32
0.001000,134793068,30365995,64.772507,0.030167,0.017414,4.438948,cuSZp,0.058000,SDRBENCH-SCALE_98x1200x1200/V-98x1200x1200.f32
0.005000,134793068,21096007,50.788761,0.150830,0.087112,6.389506,cuSZp,0.056000,SDRBENCH-SCALE_98x1200x1200/V-98x1200x1200.f32
0.010000,134793068,17422179,44.769211,0.301661,0.174204,7.736866,cuSZp,0.056000,SDRBENCH-SCALE_98x1200x1200/V-98x1200x1200.f32
0.020000,134793068,14020255,38.758678,0.603320,0.348004,9.614166,cuSZp,0.054000,SDRBENCH-SCALE_98x1200x1200/V-98x1200x1200.f32
0.030000,134793068,12113211,35.234077,0.904980,0.522172,11.127773,cuSZp,0.054000,SDRBENCH-SCALE_98x1200x1200/V-98x1200x1200.f32
0.050000,134793068,9786167,30.755474,1.508300,0.874468,13.773837,cuSZp,0.054000,SDRBENCH-SCALE_98x1200x1200/V-98x1200x1200.f32
0.100000,134793068,6603191,24.841162,3.016599,1.727665,20.413322,cuSZp,0.051000,SDRBENCH-SCALE_98x1200x1200/V-98x1200x1200.f32
0.000010,536870912,207645468,104.771622,0.000690,0.000397,2.585517,cuSZp,0.237000,SDRBENCH-SCALE_98x1200x1200/V-98x1200x1200.f32
0.000050,536870912,168684224,90.791664,0.003441,0.001985,3.182698,cuSZp,0.236000,SDRBENCH-SCALE_98x1200x1200/V-98x1200x1200.f32
0.000100,536870912,151998016,84.771149,0.006878,0.003969,3.532092,cuSZp,0.225000,SDRBENCH-SCALE_98x1200x1200/V-98x1200x1200.f32
0.000500,536870912,113790068,70.791275,0.034374,0.019847,4.718082,cuSZp,0.217000,SDRBENCH-SCALE_98x1200x1200/V-98x1200x1200.f32
0.001000,536870912,97793532,64.769905,0.068748,0.039697,5.489841,cuSZp,0.214000,SDRBENCH-SCALE_98x1200x1200/V-98x1200x1200.f32
0.005000,536870912,63332664,50.790421,0.343736,0.198488,8.476998,cuSZp,0.206000,SDRBENCH-SCALE_98x1200x1200/V-98x1200x1200.f32
0.010000,536870912,49991548,44.776684,0.687472,0.396662,10.739234,cuSZp,0.205000,SDRBENCH-SCALE_98x1200x1200/V-98x1200x1200.f32
0.020000,536870912,37269652,38.745495,1.374943,0.794292,14.405043,cuSZp,0.194000,SDRBENCH-SCALE_98x1200x1200/V-98x1200x1200.f32
0.030000,536870912,29843360,35.188507,2.062415,1.196270,17.989628,cuSZp,0.190000,SDRBENCH-SCALE_98x1200x1200/V-98x1200x1200.f32
0.050000,536870912,20447772,31.033236,3.437359,1.930158,26.255716,cuSZp,0.183000,SDRBENCH-SCALE_98x1200x1200/V-98x1200x1200.f32
0.100000,536870912,9897404,26.374201,6.874715,3.300233,54.243610,cuSZp,0.175000,SDRBENCH-SCALE_98x1200x1200/V-98x1200x1200.f32
0.000010,67108864,29583428,104.770821,0.000295,0.000169,2.268461,cuSZp,0.035000,SDRBENCH-SCALE_98x1200x1200/V-98x1200x1200.f32
0.000050,67108864,24709884,90.792404,0.001468,0.000847,2.715871,cuSZp,0.033000,SDRBENCH-SCALE_98x1200x1200/V-98x1200x1200.f32
0.000100,67108864,22615528,84.773041,0.002936,0.001694,2.967380,cuSZp,0.033000,SDRBENCH-SCALE_98x1200x1200/V-98x1200x1200.f32
0.000500,67108864,17785300,70.793190,0.014679,0.008473,3.773277,cuSZp,0.031000,SDRBENCH-SCALE_98x1200x1200/V-98x1200x1200.f32
0.001000,67108864,15716364,64.771957,0.029356,0.016947,4.270000,cuSZp,0.031000,SDRBENCH-SCALE_98x1200x1200/V-98x1200x1200.f32
0.005000,67108864,11043184,50.795692,0.146777,0.084704,6.076949,cuSZp,0.031000,SDRBENCH-SCALE_98x1200x1200/V-98x1200x1200.f32
0.010000,67108864,9169212,44.765663,0.293554,0.169592,7.318935,cuSZp,0.029000,SDRBENCH-SCALE_98x1200x1200/V-98x1200x1200.f32
0.020000,67108864,7432528,38.761162,0.587109,0.338556,9.029077,cuSZp,0.028000,SDRBENCH-SCALE_98x1200x1200/V-98x1200x1200.f32
0.030000,67108864,6453904,35.251015,0.880663,0.507151,10.398181,cuSZp,0.028000,SDRBENCH-SCALE_98x1200x1200/V-98x1200x1200.f32
0.050000,67108864,5291576,30.712603,1.467772,0.855181,12.682207,cuSZp,0.028000,SDRBENCH-SCALE_98x1200x1200/V-98x1200x1200.f32
0.100000,67108864,3667168,24.654417,2.935543,1.717780,18.299915,cuSZp,0.028000,SDRBENCH-SCALE_98x1200x1200/V-98x1200x1200.f32
0.000010,134793068,58202827,104.770409,0.000302,0.000174,2.315920,cuSZp,0.065000,SDRBENCH-SCALE_98x1200x1200/V-98x1200x1200.f32
0.000050,134793068,48427655,90.790985,0.001509,0.000871,2.783390,cuSZp,0.063000,SDRBENCH-SCALE_98x1200x1200/V-98x1200x1200.f32
0.000100,134793068,44222727,84.773003,0.003017,0.001741,3.048050,cuSZp,0.062000,SDRBENCH-SCALE_98x1200x1200/V-98x1200x1200.f32
0.000500,134793068,34507259,70.790497,0.015083,0.008709,3.906224,cuSZp,0.060000,SDRBENCH-SCALE_98x1200x1200/V-98x1200x1200.f32
0.001000,134793068,30365995,64.772507,0.030167,0.017414,4.438948,cuSZp,0.058000,SDRBENCH-SCALE_98x1200x1200/V-98x1200x1200.f32
0.005000,134793068,21096007,50.788761,0.150830,0.087112,6.389506,cuSZp,0.056000,SDRBENCH-SCALE_98x1200x1200/V-98x1200x1200.f32
0.010000,134793068,17422179,44.769211,0.301661,0.174204,7.736866,cuSZp,0.059000,SDRBENCH-SCALE_98x1200x1200/V-98x1200x1200.f32
0.020000,134793068,14020255,38.758678,0.603320,0.348004,9.614166,cuSZp,0.054000,SDRBENCH-SCALE_98x1200x1200/V-98x1200x1200.f32
0.030000,134793068,12113211,35.234077,0.904980,0.522172,11.127773,cuSZp,0.054000,SDRBENCH-SCALE_98x1200x1200/V-98x1200x1200.f32
0.050000,134793068,9786167,30.755474,1.508300,0.874468,13.773837,cuSZp,0.053000,SDRBENCH-SCALE_98x1200x1200/V-98x1200x1200.f32
0.100000,134793068,6603191,24.841162,3.016599,1.727665,20.413322,cuSZp,0.051000,SDRBENCH-SCALE_98x1200x1200/V-98x1200x1200.f32
0.000010,536870912,207645468,104.771622,0.000690,0.000397,2.585517,cuSZp,0.238000,SDRBENCH-SCALE_98x1200x1200/V-98x1200x1200.f32
0.000050,536870912,168684224,90.791664,0.003441,0.001985,3.182698,cuSZp,0.228000,SDRBENCH-SCALE_98x1200x1200/V-98x1200x1200.f32
0.000100,536870912,151998016,84.771149,0.006878,0.003969,3.532092,cuSZp,0.226000,SDRBENCH-SCALE_98x1200x1200/V-98x1200x1200.f32
0.000500,536870912,113790068,70.791275,0.034374,0.019847,4.718082,cuSZp,0.217000,SDRBENCH-SCALE_98x1200x1200/V-98x1200x1200.f32
0.001000,536870912,97793532,64.769905,0.068748,0.039697,5.489841,cuSZp,0.214000,SDRBENCH-SCALE_98x1200x1200/V-98x1200x1200.f32
0.005000,536870912,63332664,50.790421,0.343736,0.198488,8.476998,cuSZp,0.207000,SDRBENCH-SCALE_98x1200x1200/V-98x1200x1200.f32
0.010000,536870912,49991548,44.776684,0.687472,0.396662,10.739234,cuSZp,0.203000,SDRBENCH-SCALE_98x1200x1200/V-98x1200x1200.f32
0.020000,536870912,37269652,38.745495,1.374943,0.794292,14.405043,cuSZp,0.208000,SDRBENCH-SCALE_98x1200x1200/V-98x1200x1200.f32
0.030000,536870912,29843360,35.188507,2.062415,1.196270,17.989628,cuSZp,0.190000,SDRBENCH-SCALE_98x1200x1200/V-98x1200x1200.f32
0.050000,536870912,20447772,31.033236,3.437359,1.930158,26.255716,cuSZp,0.183000,SDRBENCH-SCALE_98x1200x1200/V-98x1200x1200.f32
0.100000,536870912,9897404,26.374201,6.874715,3.300233,54.243610,cuSZp,0.175000,SDRBENCH-SCALE_98x1200x1200/V-98x1200x1200.f32